Ecommerce SKU,Ecommerce UPC, Amazo, OverStoc, EBa, Sear, Bellaco, LN, Wayfail, KOH, Houz, AT
"DS-EFCH14-1","13","-","-","-","-","-","-","-","-","-","-"
"EFSCH-AL450C2","799418014470","-","EFSCH-AL450C4-84","-","-","-","-","-","-","-","-"
"EFSCH-AL450C2-84","799418014470","-","EFSCH-AL450C4-84","-","-","-","-","-","-","-","-"
"EFSCH-AL450C2-96","799418014487","EFSCH-AL450C2-96","EFSCH-AL450C4-96","EFSCH-AL450C2-96","-","EFSCH-AL450C2-96","-","EFSCH-AL450C2-96","-","-","EFSCH-AL450C2-96"
"EFSCH-AL450C2-108","799418014494","EFSCH-AL450C2-108","EFSCH-AL450C4-108","EFSCH-AL450C2-108","-","EFSCH-AL450C2-108","-","EFSCH-AL450C2-108","-","-","EFSCH-AL450C2-108"
"EFSCH-AL450C2-120","799418014500","EFSCH-AL450C2-120","EFSCH-AL450C4-120","EFSCH-AL450C2-120","-","EFSCH-AL450C2-120","-","EFSCH-AL450C2-120","-","-","EFSCH-AL450C2-120"
"EFSCH-AL450C2-CUS","799418014524","-","-","-","-","-","-","-","-","-","-"
"EFSCH-AL450C3","799418014548","-","-","-","-","-","-","-","-","-","-"
"EFSCH-AL450C3-84","799418014548","-","-","-","-","-","-","-","-","-","-"
"EFSCH-AL450C3-96","799418014555","EFSCH-AL450C3-96","-","EFSCH-AL450C3-96","-","EFSCH-AL450C3-96","-","EFSCH-AL450C3-96","-","-","EFSCH-AL450C3-96"
"EFSCH-AL450C3-108","799418014562","EFSCH-AL450C3-108","-","EFSCH-AL450C3-108","-","EFSCH-AL450C3-108","-","EFSCH-AL450C3-108","-","-","EFSCH-AL450C3-108"
"EFSCH-AL450C3-120","799418014579","EFSCH-AL450C3-120","-","EFSCH-AL450C3-120","-","EFSCH-AL450C3-120","-","EFSCH-AL450C3-120","-","-","EFSCH-AL450C3-120"
"EFSCH-AL450C3-CUS","799418014593","-","-","-","-","-","-","-","-","-","-"
"EFSCH-AL450C4","799418014401","-","CE670P816850X84","-","-","-","-","-","-","-","-"
"EFSCH-AL450C4-84","799418014401","-","CE670P816850X84","-","-","-","-","-","-","-","-"
"EFSCH-AL450C4-96","799418014418","EFSCH-AL450C4-96","CE670P816850X96","EFSCH-AL450C4-96","-","EFSCH-AL450C4-96","-","EFSCH-AL450C4-96","-","-","EFSCH-AL450C4-96"
"EFSCH-AL450C4-108","799418014425","EFSCH-AL450C4-108","CE670P816850X108","EFSCH-AL450C4-108","-","EFSCH-AL450C4-108","-","EFSCH-AL450C4-108","-","-","EFSCH-AL450C4-108"
"EFSCH-AL450C4-120","799418014432","EFSCH-AL450C4-120","CE670P816850X120","EFSCH-AL450C4-120","-","EFSCH-AL450C4-120","-","EFSCH-AL450C4-120","-","-","EFSCH-AL450C4-120"
"EFSCH-AL450C4-CUS","799418014456","-","-","-","-","-","-","-","-","-","-"
"EFSCH-AL450C4-SW","799418014449","-","-","-","-","-","-","-","-","-","-"
"JQCH-201263-84","610395226932","JQCH-201263-50X84","JQCH-201263-84","JQCH-201263-84","-","JQCH-201263-84","-","JQCH-201263-84","-","-","-"
"JQCH-201263-96","610395226949","JQCH-201263-50X96","JQCH-201263-96","JQCH-201263-96","-","JQCH-201263-96","-","JQCH-201263-96","-","-","-"
"JQCH-201263-108","610395226956","JQCH-201263-50X108","JQCH-201263-108","JQCH-201263-108","-","JQCH-201263-108","-","JQCH-201263-108","-","-","-"
"JQCH-201263-120","610395226963","JQCH-201263-50X120","JQCH-201263-120","JQCH-201263-120","-","JQCH-201263-120","-","JQCH-201263-120","-","-","-"
"JQCH-201263-CUS","799665816001","-","-","-","-","-","-","-","-","-","-"
"JQCH-201263-FP-120","610395232803","-","JQCH-201263-PL-120","JQCH-201263-FP-120","-","JQCH-201263-FP-120","-","JQCH-201263-FP-120","-","-","-"
"JQCH-201301","799665822835","-","JQCH-201301-84","JQCH-201301-84","-","JQCH-201301-84","-","JQCH-201301-84","-","-","-"
"JQCH-201301-84","799665822835","-","JQCH-201301-84","JQCH-201301-84","-","JQCH-201301-84","-","JQCH-201301-84","-","-","-"
"JQCH-201301-96","799665822842","-","JQCH-201301-96","JQCH-201301-96","-","JQCH-201301-96","-","JQCH-201301-96","-","-","-"
"JQCH-201301-108","799665822866","-","JQCH-201301-108","JQCH-201301-108","-","JQCH-201301-108","-","JQCH-201301-108","-","-","-"
"JQCH-201301-120","799665822859","-","JQCH-201301-120","JQCH-201301-120","-","JQCH-201301-120","-","JQCH-201301-120","-","-","-"
"JQCH-201301-CUS","799665822873","-","-","-","-","-","-","-","-","-","-"
"JQCH-201301-FP","799665816377","-","JQCH-201301-FP-84","JQCH-201301-FP-84","-","JQCH-201301-FP-84","-","JQCH-201301-FP-84","-","-","-"
"JQCH-201301-FP-84","799665816377","-","JQCH-201301-FP-84","JQCH-201301-FP-84","-","JQCH-201301-FP-84","-","JQCH-201301-FP-84","-","-","-"
"JQCH-201301-FP-96","799665816384","-","JQCH-201301-FP-96","JQCH-201301-FP-96","-","JQCH-201301-FP-96","-","JQCH-201301-FP-96","-","-","-"
"JQCH-201301-FP-108","799665816391","-","JQCH-201301-FP-108","JQCH-201301-FP-108","-","JQCH-201301-FP-108","-","JQCH-201301-FP-108","-","-","-"
"JQCH-201301-FP-120","799665816407","-","JQCH-201301-FP-120","JQCH-201301-FP-120","-","JQCH-201301-FP-120","-","JQCH-201301-FP-120","-","-","-"
"JQCH-201301-SW","799665822897","-","-","-","-","-","-","-","-","-","-"
"PTSCH-11091","610395223467","PTSCH-11091-84","PTS-SLK137-84","PTSCH-11091-84","-","PTSCH-11091-84","PTSCH-11091-84","PTSCH-11091-84","-","-","-"
"PTSCH-11091-84","610395223467","PTSCH-11091-84","PTS-SLK137-84","PTSCH-11091-84","-","PTSCH-11091-84","PTSCH-11091-84","PTSCH-11091-84","-","-","-"
"PTSCH-11091-96","610395223474","PTSCH-11091-96","PTS-SLK137-96","PTSCH-11091-96","-","PTSCH-11091-96","PTSCH-11091-96","PTSCH-11091-96","-","-","-"
"PTSCH-11091-108","610395223481","PTSCH-11091-50X108","PTS-SLK137-108","PTSCH-11091-108","-","PTSCH-11091-108","PTSCH-11091-108","PTSCH-11091-108","-","-","-"
"PTSCH-11091-120","610395223498","PTSCH-11091-50X120","PTS-SLK137-120","PTSCH-11091-120","-","PTSCH-11091-120","PTSCH-11091-120","PTSCH-11091-120","-","-","-"
"PTSCH-11091-CUS","799665815721","-","-","-","-","-","-","-","-","-","-"
"PTSCH-11091-SW","799665815738","-","-","-","-","-","-","-","-","-","-"
"SHCH-ORG2-84-PR","610395231875","-","SHCH-ORG2-84-PR","-","-","SHCH-ORG2-84-PR","SHCH-ORG2-84-PR","-","SHCH-ORG2-84-PR","-","SHCH-ORG2-84-PR"
"SHCH-ORG2-96-PR","610395231882","-","SHCH-ORG2-96-PR","-","-","SHCH-ORG2-96-PR","SHCH-ORG2-96-PR","-","SHCH-ORG2-96-PR","-","SHCH-ORG2-96-PR"
"SHCH-ORG2-108-PR","610395231851","-","SHCH-ORG2-108-PR","-","-","SHCH-ORG2-108-PR","SHCH-ORG2-108-PR","-","SHCH-ORG2-108-PR","-","SHCH-ORG2-108-PR"
"SHCH-ORG2-120-PR","610395231868","-","SHCH-ORG2-120-PR","-","-","SHCH-ORG2-120-PR","SHCH-ORG2-120-PR","SHCH-ORG2-120-PR","SHCH-ORG2-120-PR","-","SHCH-ORG2-120-PR"
"SHCH-ORG2-CUS","799418015613","-","-","-","-","-","-","-","-","-","-"
"SHCH-VOL1-84-DLSW","799665834425","-","SHCH-VOL1-84-DLSW","-","-","SHCH-VOL1-84-DLSW","SHCH-VOL1-84-DLSW","SHCH-VOL1-84-DLSW","SHCH-VOL1-84-DLSW","-","SHCH-VOL1-84-DLSW"
"SHCH-VOL1-96-DLSW","799665834432","-","SHCH-VOL1-96-DLSW","-","-","SHCH-VOL1-96-DLSW","SHCH-VOL1-96-DLSW","SHCH-VOL1-96-DLSW","SHCH-VOL1-96-DLSW","-","SHCH-VOL1-96-DLSW"
"SHCH-VOL1-108-DLSW","799665834449","-","SHCH-VOL1-108-DLSW","-","-","SHCH-VOL1-108-DLSW","SHCH-VOL1-108-DLSW","SHCH-VOL1-108-DLSW","SHCH-VOL1-108-DLSW","-","SHCH-VOL1-108-DLSW"
"SHCH-VOL1-120-DLSW","799665834456","-","SHCH-VOL1-120-DLSW","-","-","SHCH-VOL1-120-DLSW","SHCH-VOL1-120-DLSW","SHCH-VOL1-120-DLSW","SHCH-VOL1-120-DLSW","-","SHCH-VOL1-120-DLSW"
"SHCH-VOL1-DL-CUS","799418015460","-","-","-","-","-","-","-","-","-","-"
"SHCH-VOL3-84-DLSW","799665834463","-","SHCH-VOL3-84-DLSW","-","-","SHCH-VOL3-84-DLSW","SHCH-VOL3-84-DLSW","SHCH-VOL3-84-DLSW","SHCH-VOL3-84-DLSW","-","SHCH-VOL3-84-DLSW"
"SHCH-VOL3-96-DLSW","799665834470","-","SHCH-VOL3-96-DLSW","-","-","SHCH-VOL3-96-DLSW","SHCH-VOL3-96-DLSW","SHCH-VOL3-96-DLSW","SHCH-VOL3-96-DLSW","-","SHCH-VOL3-96-DLSW"
"SHCH-VOL3-108-DLSW","799665834487","-","SHCH-VOL3-108-DLSW","-","-","SHCH-VOL3-108-DLSW","SHCH-VOL3-108-DLSW","SHCH-VOL3-108-DLSW","SHCH-VOL3-108-DLSW","-","SHCH-VOL3-108-DLSW"
"SHCH-VOL3-120-DLSW","799665834494","-","SHCH-VOL3-120-DLSW","-","-","SHCH-VOL3-120-DLSW","SHCH-VOL3-120-DLSW","SHCH-VOL3-120-DLSW","SHCH-VOL3-120-DLSW","-","SHCH-VOL3-120-DLSW"
"SHCH-VOL3-DL-CUS","799418015491","-","-","-","-","-","-","-","-","-","-"

