Fulfillment,Price,Compare Price,Qty On Hand
"SHCH-EMB20136-SW","0.9900","0","184"
"EFSCH-AL450C4-SW","0.9900","0","119"
"PRTW-D05-SW","0.9900","0","33"
"PTCH-JTSP001-SW","0.9900","0","263"
"PRTW-D09-SW","0.9900","0","35"
"SHCH-EMB20135-SW","0.9900","0","175"
"PTSCH-13404-SW","0.9900","0","167"
"BOCH-131009-SW","0.9900","0","157"
"DIS-ID15-SW","0.9900","0","0"
"PRTW-D17-SW","0.9900","0","34"
"PRTW-D15-SW","0.9900","0","89"
"PRTW-D16-SW","0.9900","0","0"
"PRTW-D31-SW","0.9900","0","35"
"PRTW-D32-SW","0.9900","0","0"
"PRTW-D33-SW","0.9900","0","0"
"SHCH-EMBOCS3231-SW","0.9900","0","34"
"BOCH-KC30","109.9900","0","128"
"DIS-ID112-SW","0.9900","0","33"
"DIS-ID124-SW","0.9900","0","34"
"SHCH-EMBOCS3595-SW","0.9900","0","35"
"SHCH-EMB20133B-SW","0.9900","0","182"
"SHCH-EMB20133A-SW","0.9900","0","186"
"PTCH-JTSP209-SW","0.9900","0","93"
"PTCH-JTSP102-SW","0.9900","0","305"
"PRTW-D26-SW","0.9900","0","0"
"SHCH-VOL3-SW","0.6000","0","472"
"SHCH-VOL1-SW","0.6000","0","526"
"BOCH601-SW","0.0000","0","170"
"PTCH-JTSP208-SW","0.9900","0","156"
"SHCH-EMB20137-SW","0.9900","0","187"
"PTCH-JTSP100-SW","0.9900","0","146"
"PTCH-JTSP202-SW","0.9900","0","144"
"SHCH-EMB20131B-SW","0.9900","0","168"
"SHCH-EMB20131A-SW","0.9900","0","176"
"PTCH-JTSP203-SW","0.9900","0","150"
"SHCH-EMB20138-SW","0.9900","0","170"
"PTCH-JTSP206-SW","0.9900","0","23"
"PTCH-JTSP005-SW","0.9900","0","30"
"PTCH-JTSP205-SW","0.9900","0","127"
"PTCH-JTSP204-SW","0.9900","0","152"
"PRTW-D25-SW","0.9900","0","34"
"PRTW-D24B-SW","0.9900","0","35"
"PRTW-D24A-SW","0.9900","0","35"
"PRTW-D12-SW","0.9900","0","33"
"PRTW-D11-SW","0.9900","0","90"
"PRTW-D13-SW","0.9900","0","0"
"SHCH-EMBOCS3293-SW","0.9900","0","34"
"DIS-ID1-SW","0.9900","0","26"
"SHCH-EMBOCS4084-SW","0.9900","0","34"
"PRTW-D28-SW","0.9900","0","34"
"PTSCH12-SW","0.0000","0","27"
"PRTW-D02-SW","0.9900","0","34"
"PRTW-D23-SW","0.9900","0","33"
"PRTW-D20-SW","0.9900","0","34"
"PRTW-D06B-SW","0.9900","0","34"
"PRTW-D06A-SW","0.9900","0","35"
"DIS-ID221-SW","0.9900","0","0"
"PRTW-D01-SW","0.9900","0","35"
"PRTW-D21-SW","0.9900","0","35"
"PRTW-D27-SW","0.9900","0","0"
"PTSCH-13400-SW","0.9900","0","0"
"PRTW-D30-SW","0.9900","0","30"
"PTCH-JTSP104-SW","0.9900","0","447"
"PRTW-D04-SW","0.9900","0","0"
"BOCH-KC32","114.9900","0","72"
"VPCH601-SW","0.0000","0","74"
"SHCH-VOL3-SW","0.6000","0","472"
"SHCH-VOL1-SW","0.6000","0","526"
"SHCH-VOL3-SW","0.6000","0","472"
"SHCH-VOL1-SW","0.6000","0","526"
"PRTW-D22-SW","0.9900","0","35"
"DIS-ID20-SW","0.9900","0","30"
"PRTW-D29B-SW","0.9900","0","34"
"PRTW-D29A-SW","0.9900","0","34"
"SHCH-EMB20132B-SW","0.9900","0","187"
"SHCH-EMB20132A-SW","0.9900","0","184"
"PTCH-JTSP207-SW","0.9900","0","127"
"PTSCH-12012-SW","0.9900","0","27"
"PTCH-JTSP205-SW","0.9900","0","46"
"PTCH-JTSP209-SW","0.9900","0","93"
"PTCH-JTSP102-SW","0.9900","0","305"
"PTCH-JTSP202-SW","0.9900","0","144"
"PTCH-JTSP203-SW","0.9900","0","150"
"PTCH-JTSP204-SW","0.9900","0","152"
"PTCH-JTSP206-SW","0.9900","0","23"
"PTCH-JTSP207-SW","0.9900","0","127"
"PTCH-JTSP208-SW","0.9900","0","156"
"PTCH-JTSP104-SW","0.9900","0","447"
"PTCH-JTSP001-SW","0.9900","0","263"
"PTCH-JTSP100-SW","0.9900","0","146"
"PTCH-JTSP005-SW","0.9900","0","30"
"VPCH-120601-SW","0.9900","0","74"
"VPCH-120601-SW","0.9900","0","74"
"BOCH-131009-SW","0.9900","0","157"
"BOCH-120601-SW","0.9900","0","170"
"PRTW-D17-SW","0.9900","0","34"
"PRTW-D31-SW","0.9900","0","35"
"PRTW-D26-SW","0.9900","0","0"
"PRTW-D24A-SW","0.9900","0","35"
"PRTW-D13-SW","0.9900","0","0"
"PRTW-D23-SW","0.9900","0","33"
"PRTW-D06A-SW","0.9900","0","35"
"PRTW-D27-SW","0.9900","0","0"
"PRTW-D22-SW","0.9900","0","35"
"PRTW-D05-SW","0.9900","0","33"
"PRTW-D09-SW","0.9900","0","35"
"PRTW-D15-SW","0.9900","0","89"
"PRTW-D16-SW","0.9900","0","0"
"PRTW-D32-SW","0.9900","0","0"
"PRTW-D33-SW","0.9900","0","0"
"PRTW-D25-SW","0.9900","0","34"
"PRTW-D24B-SW","0.9900","0","35"
"PRTW-D12-SW","0.9900","0","33"
"PRTW-D11-SW","0.9900","0","90"
"PRTW-D28-SW","0.9900","0","34"
"PRTW-D02-SW","0.9900","0","34"
"PRTW-D20-SW","0.9900","0","34"
"PRTW-D06B-SW","0.9900","0","34"
"PRTW-D01-SW","0.9900","0","35"
"PRTW-D21-SW","0.9900","0","35"
"PRTW-D30-SW","0.9900","0","30"
"PRTW-D04-SW","0.9900","0","0"
"PRTW-D29B-SW","0.9900","0","34"
"PRTW-D29A-SW","0.9900","0","34"
"SHCH-EMB20131A-SW","0.9900","0","176"
"SHCH-EMB20131B-SW","0.9900","0","168"
"SHCH-EMB20132A-SW","0.9900","0","184"
"SHCH-EMB20132B-SW","0.9900","0","187"
"SHCH-EMB20133A-SW","0.9900","0","186"
"SHCH-EMB20133B-SW","0.9900","0","182"
"SHCH-EMBOCS3293-SW","0.9900","0","34"
"SHCH-EMBOCS3231-SW","0.9900","0","34"
"SHCH-EMBOCS4084-SW","0.9900","0","34"
"SHCH-EMBOCS3595-SW","0.9900","0","35"
"SHCH-EMB20135-SW","0.9900","0","175"
"SHCH-EMB20136-SW","0.9900","0","184"
"SHCH-EMB20137-SW","0.9900","0","187"
"SHCH-EMB20138-SW","0.9900","0","170"
"SHCH-VOL3-SW","0.6000","0","472"
"SHCH-VOL1-SW","0.6000","0","526"
"SHCH-VOL3-SW","0.9900","0","472"
"SHCH-VOL1-SW","0.9900","0","524"
"PTSCH-11091-84","0.0000","0","0"
"PTSCH-11091-96","10.0000","0","0"
"PTSCH-11091-108","20.0000","0","76"
"PTSCH-11091-120","30.0000","0","0"
"VPCH-VET1216-96","0.0000","0","130"
"VPCH-VET1216-108","10.0000","0","149"
"VPCH-VET1216-120","20.0000","0","53"
"VPCH-VET1214-96","0.0000","0","109"
"VPCH-VET1214-108","10.0000","0","128"
"VPCH-VET1214-120","20.0000","0","44"
"DIS-ID15-84","0.0000","0","70"
"DIS-ID15-96","15.0000","0","52"
"DIS-ID15-108","25.0000","0","54"
"DIS-ID15-120","35.0000","0","26"
"DIS-ID224-84","0.0000","0","0"
"DIS-ID224-96","15.0000","0","0"
"DIS-ID224-108","25.0000","0","0"
"DIS-ID224-120","35.0000","0","0"
"CZCH-CTZ3-84","0.0000","0","0"
"CZCH-CTZ3-120","30.0000","0","0"
"DIS-ID7806-84","0.0000","0","21"
"DIS-ID7806-96","15.0000","0","0"
"DIS-ID7806-108","25.0000","0","0"
"DIS-ID7806-120","35.0000","0","0"
"PTSCH-11087-84","0.0000","0","0"
"PTSCH-11087-96","10.0000","0","0"
"PTSCH-11087-108","20.0000","0","0"
"PTSCH-11087-120","30.0000","0","0"
"CZCH-CTZ12-84","0.0000","0","35"
"CZCH-CTZ12-96","10.0000","0","68"
"CZCH-CTZ12-120","30.0000","0","0"
"DIS-ID124-84","0.0000","0","46"
"DIS-ID124-96","15.0000","0","36"
"DIS-ID124-108","25.0000","0","0"
"DIS-ID124-120","35.0000","0","22"
"CZCH-CTZ5-84","0.0000","0","0"
"CZCH-CTZ5-96","10.0000","0","41"
"CZCH-CTZ5-120","30.0000","0","41"
"CZCH-CTZ10-84","0.0000","0","0"
"CZCH-CTZ10-96","10.0000","0","0"
"CZCH-CTZ10-120","30.0000","0","0"
"PTSCH-11093-84","0.0000","0","68"
"PTSCH-11093-96","10.0000","0","294"
"PTSCH-11093-108","20.0000","0","124"
"PTSCH-11093-120","30.0000","0","102"
"DIS-ID112-84","0.0000","0","0"
"DIS-ID112-96","15.0000","0","0"
"DIS-ID112-108","25.0000","0","0"
"DIS-ID112-120","35.0000","0","0"
"DIS-ID1-84","0.0000","0","93"
"DIS-ID1-96","15.0000","0","129"
"DIS-ID1-108","25.0000","0","135"
"DIS-ID1-120","35.0000","0","71"
"DIS-ID9-84","0.0000","0","31"
"DIS-ID9-96","15.0000","0","0"
"DIS-ID9-108","25.0000","0","0"
"DIS-ID9-120","35.0000","0","0"
"DIS-ID50-84","0.0000","0","26"
"DIS-ID50-96","15.0000","0","47"
"DIS-ID50-108","25.0000","0","0"
"DIS-ID50-120","35.0000","0","0"
"DIS-ID37-84","0.0000","0","22"
"DIS-ID37-96","15.0000","0","101"
"DIS-ID37-108","25.0000","0","98"
"DIS-ID37-120","35.0000","0","33"
"DIS-ID68-84","0.0000","0","0"
"DIS-ID68-96","15.0000","0","0"
"DIS-ID68-108","25.0000","0","0"
"DIS-ID68-120","35.0000","0","0"
"VCCH-VET12010-84","0.0000","0","55"
"VCCH-VET12010-96","20.0000","0","84"
"VCCH-VET12010-108","30.0000","0","81"
"VCCH-VET12010-120","40.0000","0","49"
"PTCH-JTSP102-84","0.0000","0","0"
"PTCH-JTSP102-108","25.0000","0","213"
"PTCH-JTSP120-84","0.0000","0","63"
"PTCH-JTSP120-108","25.0000","0","206"
"PTCH-JTSP120-120","35.0000","0","75"
"PTCH-JTSP100-84","0.0000","0","76"
"PTCH-JTSP100-108","25.0000","0","273"
"PTCH-JTSP100-120","35.0000","0","128"
"PTCH-JTSP005-84","0.0000","0","124"
"PTCH-JTSP005-120","35.0000","0","66"
"PTCH-JTSP003-96","15.0000","0","285"
"PTCH-JTSP27-84","0.0000","0","48"
"PTCH-JTSP87-108","25.0000","0","221"
"PTCH-JTSP87-120","35.0000","0","125"
"PTCH-JTSP112-96","15.0000","0","277"
"PTCH-JTSP1066-120","35.0000","0","59"
"PTCH-JTSP29-84","0.0000","0","69"
"PTCH-JTSP29-120","35.0000","0","102"
"CZCH-CTZ11-96","0.0000","0","25"
"CZCH-CTZ11-120","20.0000","0","29"
"PTSCH-11096-84","0.0000","0","0"
"PTSCH-11096-96","10.0000","0","0"
"PTSCH-11096-108","20.0000","0","0"
"PTSCH-11096-120","30.0000","0","0"
"PTCH-JTSP190912-96","15.0000","0","235"
"PTS-12012-84","0.0000","0","0"
"PTS-12012-96","10.0000","0","88"
"PTS-12012-108","20.0000","0","68"
"PTS-12012-120","30.0000","0","0"
"PTSCH-11100-84","0.0000","0","0"
"PTSCH-11100-96","10.0000","0","109"
"PTSCH-11100-108","20.0000","0","0"
"PTSCH-11100-120","30.0000","0","0"
"VPCH-184005-84","0.0000","0","76"
"VPCH-184005-96","10.0000","0","180"
"VPCH-184005-108","20.0000","0","232"
"VPCH-184005-120","30.0000","0","91"
"PTCH-JTSP194010-108","25.0000","0","126"
"CZCH-CTZ8-96","0.0000","0","0"
"CZCH-CTZ8-120","20.0000","0","0"
"DIS-ID221-84","0.0000","0","0"
"DIS-ID221-96","15.0000","0","0"
"DIS-ID221-108","25.0000","0","0"
"DIS-ID221-120","35.0000","0","0"
"VPCH-110602-84","0.0000","0","85"
"VPCH-110602-96","10.0000","0","110"
"VPCH-110602-108","20.0000","0","223"
"VPCH-110602-120","30.0000","0","118"
"PTSCH-11098-84","0.0000","0","0"
"PTSCH-11098-96","10.0000","0","0"
"PTSCH-11098-108","20.0000","0","137"
"PTSCH-11098-120","30.0000","0","62"
"DIS-ID7727-84","0.0000","0","104"
"DIS-ID7727-96","15.0000","0","114"
"DIS-ID7727-108","25.0000","0","192"
"DIS-ID7727-120","35.0000","0","75"
"VPCH-141314-84","0.0000","0","0"
"VPCH-141314-96","10.0000","0","0"
"VPCH-141314-108","20.0000","0","0"
"VPCH-141314-120","30.0000","0","0"
"CZCH-CTZ1-84","0.0000","0","27"
"CZCH-CTZ1-96","10.0000","0","0"
"CZCH-CTZ1-120","30.0000","0","0"
"PTSCH-11089-84","0.0000","0","0"
"PTSCH-11089-96","10.0000","0","0"
"PTSCH-11089-108","20.0000","0","165"
"PTSCH-11089-120","30.0000","0","72"
"PTSCH-11083-84","0.0000","0","0"
"PTSCH-11083-96","10.0000","0","119"
"PTSCH-11083-108","20.0000","0","109"
"PTSCH-11083-120","30.0000","0","31"
"CZCH-CTZ9-84","0.0000","0","0"
"CZCH-CTZ9-96","10.0000","0","0"
"CZCH-CTZ9-120","30.0000","0","0"
"CZCH-CTZ7-96","0.0000","0","0"
"CZCH-CTZ7-120","20.0000","0","0"
"VPCH-154702-96","0.0000","0","0"
"VPCH-154702-108","15.0000","0","0"
"VPCH-154702-120","30.0000","0","39"
"VPCH-VET1211-96","0.0000","0","104"
"VPCH-VET1211-108","0.0000","0","162"
"VPCH-VET1211-120","20.0000","0","63"
"VPCH-VET1212-84","0.0000","0","84"
"VPCH-VET1212-96","10.0000","0","183"
"VPCH-VET1212-108","20.0000","0","128"
"VPCH-VET1212-120","30.0000","0","60"
"VPCH-192018-84","0.0000","0","0"
"VPCH-192018-96","10.0000","0","179"
"VPCH-192018-108","20.0000","0","200"
"VPCH-192018-120","30.0000","0","118"
"VPCH-192315-84","0.0000","0","80"
"VPCH-192315-96","10.0000","0","186"
"VPCH-192315-108","20.0000","0","274"
"VPCH-192315-120","30.0000","0","149"
"VPCH-193810-84","0.0000","0","0"
"VPCH-193810-96","10.0000","0","0"
"VPCH-193810-108","20.0000","0","158"
"VPCH-193810-120","30.0000","0","65"
"VPCH-190622-84","0.0000","0","0"
"VPCH-190622-96","10.0000","0","0"
"VPCH-190622-108","20.0000","0","0"
"VPCH-190622-120","30.0000","0","32"
"VPCH-VET1217-84","0.0000","0","130"
"VPCH-VET1217-96","10.0000","0","249"
"VPCH-VET1217-108","20.0000","0","245"
"VPCH-VET1217-120","30.0000","0","128"
"VPCH-120601-84","0.0000","0","24"
"VPCH-120601-96","10.0000","0","171"
"VPCH-120601-108","20.0000","0","222"
"VPCH-120601-120","30.0000","0","139"
"VPCH-190912-84","0.0000","0","64"
"VPCH-190912-96","15.0000","0","201"
"VPCH-190912-108","30.0000","0","262"
"VPCH-190912-120","45.0000","0","112"
"VPCH-VET1215-84","0.0000","0","37"
"VPCH-VET1215-96","10.0000","0","117"
"VPCH-VET1215-108","20.0000","0","194"
"VPCH-VET1215-120","30.0000","0","61"
"VPCH-194023-84","0.0000","0","0"
"VPCH-194023-96","10.0000","0","36"
"VPCH-194023-108","20.0000","0","97"
"VPCH-194023-120","30.0000","0","49"
"VPCH-145002-84","0.0000","0","126"
"VPCH-145002-96","10.0000","0","111"
"VPCH-145002-108","20.0000","0","203"
"VPCH-145002-120","30.0000","0","95"
"VPCH-VET1213-96","0.0000","0","190"
"VPCH-VET1213-108","20.0000","0","196"
"VPCH-VET1213-120","30.0000","0","85"
"VPCH-194007-84","0.0000","0","133"
"VPCH-194007-96","10.0000","0","99"
"VPCH-194007-108","20.0000","0","107"
"VPCH-194007-120","30.0000","0","35"
"VPCH-141113-84","0.0000","0","0"
"VPCH-141113-96","10.0000","0","174"
"VPCH-141113-108","20.0000","0","60"
"VPCH-141113-120","30.0000","0","0"
"DIS-ID511-84","0.0000","0","0"
"DIS-ID511-96","15.0000","0","42"
"DIS-ID511-108","25.0000","0","51"
"DIS-ID511-120","35.0000","0","0"
"CZCH-CTZ4-120","0.0000","0","0"
"DIS-ID20-84","0.0000","0","0"
"DIS-ID20-96","15.0000","0","0"
"DIS-ID20-108","25.0000","0","102"
"DIS-ID20-120","35.0000","0","0"
"CZCH-CTZ6-84","0.0000","0","0"
"CZCH-CTZ6-96","10.0000","0","0"
"CZCH-CTZ2-84","0.0000","0","0"
"CZCH-CTZ2-96","10.0000","0","24"
"CZCH-CTZ2-120","30.0000","0","0"
"PTSCH-11082-84","0.0000","0","0"
"PTSCH-11082-96","10.0000","0","0"
"PTSCH-11082-108","20.0000","0","0"
"PTSCH-11082-120","30.0000","0","0"
"DIS-ID7906-84","0.0000","0","29"
"DIS-ID7906-96","15.0000","0","47"
"DIS-ID7906-108","25.0000","0","42"
"DIS-ID7906-120","35.0000","0","37"
"PTSCH-11100-84","0.0000","0","0"
"PTSCH-11100-96","10.0000","0","109"
"PTSCH-11100-108","20.0000","0","0"
"PTSCH-11100-120","30.0000","0","0"
"PTCH-JTSP005-84","0.0000","0","124"
"PTCH-JTSP005-CUS","0.0000","0","20"
"PTCH-JTSP100-84","0.0000","0","76"
"PTCH-JTSP100-108","25.0000","0","273"
"PTCH-JTSP100-120","35.0000","0","128"
"PTCH-JTSP102-84","0.0000","0","0"
"PTCH-JTSP102-108","25.0000","0","213"
"PTCH-JTSP1066-120","35.0000","0","59"
"PTCH-JTSP005-120","35.0000","0","66"
"SSRW-LF954-84","139.0000","0","0"
"SSRW-LF954-96","154.0000","0","0"
"SSRW-LF954-108","164.0000","0","0"
"SSRW-LF954-120","174.0000","0","0"
"SSRW-LF935-84","139.0000","0","0"
"SSRW-LF935-96","154.0000","0","0"
"SSRW-LF935-108","164.0000","0","0"
"SSRW-LF935-120","174.0000","0","0"
"SSRW-LF952-84","139.0000","0","0"
"SSRW-LF952-96","154.0000","0","0"
"SSRW-LF952-108","164.0000","0","0"
"SSRW-LF952-120","174.0000","0","0"
"SHCH-ORG2-84-PR","19.9900","0","122"
"SHCH-ORG2-96-PR","26.9900","0","514"
"SHCH-ORG2-108-PR","32.9900","0","399"
"SHCH-ORG2-120-PR","37.9900","0","126"
"SHCH-VOL3-84-DLSW","69.0000","0","79"
"SHCH-VOL3-96-DLSW","79.0000","0","122"
"SHCH-VOL3-108-DLSW","89.0000","0","136"
"SHCH-VOL3-120-DLSW","94.0000","0","76"
"SHCH-VOL1-84-DLSW","69.0000","0","0"
"SHCH-VOL1-96-DLSW","79.0000","0","42"
"SHCH-VOL1-108-DLSW","89.0000","0","96"
"SHCH-VOL1-120-DLSW","94.0000","0","70"
"BOCH-KC24-120","64.9900","0","62"
"BOCH-KC24-84","49.9900","0","0"
"BOCH-KC24-96","54.9900","0","127"
"BOCH-KC24-108","59.9900","0","112"
"SHCH-LH1222-84","39.0000","0","39"
"SHCH-LH1222-96","44.0000","0","123"
"SHCH-LH1222-108","49.0000","0","0"
"SHCH-EMB20136-120","80.0000","0","49"
"SHCH-EMB20136-84","65.0000","0","29"
"SHCH-EMB20136-96","70.0000","0","104"
"SHCH-EMB20136-108","75.0000","0","98"
"SHCH-EMB20136-CUS","0.0000","0","0"
"SHCH-LH96-84","39.0000","0","85"
"SHCH-LH96-96","44.0000","0","127"
"SHCH-LH96-108","49.0000","0","146"
"PRTW-D05-84","198.9900","0","41"
"PRTW-D05-96","218.9900","0","104"
"PRTW-D05-108","238.9900","0","0"
"PRTW-D05-120","258.9900","0","65"
"PRTW-D05-CUS","0.0000","0","0"
"BOCH-KC5-84","44.9900","0","0"
"BOCH-KC5-96","49.9900","0","135"
"BOCH-KC5-108","54.9900","0","206"
"BOCH-KC5-120","59.9900","0","89"
"PTSCH-11091-120","119.0000","0","0"
"PTSCH-11091-84","89.0000","0","0"
"PTSCH-11091-96","99.0000","0","0"
"PTSCH-11091-108","109.0000","0","0"
"SHCH-LH1211-84","39.0000","0","52"
"SHCH-LH1211-96","44.0000","0","128"
"SHCH-LH1211-108","49.0000","0","125"
"PTCH-JTSP001-CUS","0.0000","0","0"
"PRTW-D09-120","258.9900","0","0"
"PRTW-D09-108","238.9900","0","0"
"PRTW-D09-84","198.9900","0","0"
"PRTW-D09-96","218.9900","0","0"
"PRTW-D09-CUS","0.0000","0","0"
"SHCH-EMB20135-120","64.0000","0","41"
"SHCH-EMB20135-84","49.0000","0","24"
"SHCH-EMB20135-96","54.0000","0","79"
"SHCH-EMB20135-108","59.0000","0","60"
"SHCH-EMB20135-CUS","0.0000","0","0"
"PTSCH-13403-84","89.0000","0","10"
"PTSCH-13403-96","99.0000","0","0"
"PTSCH-13403-108","109.0000","0","10"
"PTSCH-13403-120","119.0000","0","26"
"PTSCH-13404-84","89.0000","0","0"
"PTSCH-13404-96","99.0000","0","113"
"PTSCH-13404-108","109.0000","0","133"
"PTSCH-13404-120","119.0000","0","74"
"PTSCH-13404-CUS","0.0000","0","0"
"BOCH-131009-84","29.0000","0","137"
"BOCH-131009-96","34.0000","0","302"
"BOCH-131009-108","39.0000","0","178"
"BOCH-131009-120","44.0000","0","129"
"BOCH-131009-CUS","0.0000","0","0"
"BOCH-131009-120-GR","44.0000","0","98"
"BOCH-131009-84-GR","29.0000","0","192"
"BOCH-131009-96-GR","34.0000","0","188"
"BOCH-131009-108-GR","39.0000","0","325"
"DIS-ID15-84","169.0000","0","123"
"DIS-ID15-96","179.0000","0","168"
"DIS-ID15-108","189.0000","0","147"
"DIS-ID15-120","204.0000","0","38"
"DIS-ID15-CUS","0.0000","0","0"
"DIS-ID224-108","189.0000","0","0"
"DIS-ID224-120","204.0000","0","0"
"DIS-ID224-96","179.0000","0","0"
"DIS-ID224-84","169.0000","0","0"
"DIS-ID224-CUS","0.0000","0","0"
"BOCH-201304-84","34.0000","0","98"
"BOCH-201304-96","34.0000","0","148"
"BOCH-201304-108","34.0000","0","188"
"BOCH-201304-120","34.0000","0","138"
"PTSCH-42012-84","89.0000","0","0"
"PTSCH-42012-96","99.0000","0","87"
"PTSCH-42012-108","109.0000","0","143"
"PTSCH-42012-120","119.0000","0","58"
"PRTW-D17-84","198.9900","0","102"
"PRTW-D17-96","218.9900","0","96"
"PRTW-D17-108","238.9900","0","143"
"PRTW-D17-120","258.9900","0","55"
"PRTW-D17-CUS","0.0000","0","0"
"PRTW-D15-84","198.9900","0","0"
"PRTW-D15-96","218.9900","0","109"
"PRTW-D15-108","238.9900","0","0"
"PRTW-D15-120","258.9900","0","55"
"PRTW-D15-CUS","0.0000","0","0"
"PRTW-D16-84","198.9900","0","38"
"PRTW-D16-96","218.9900","0","33"
"PRTW-D16-108","238.9900","0","85"
"PRTW-D16-120","258.9900","0","29"
"PRTW-D16-CUS","0.0000","0","0"
"PRTW-D31-84","198.9900","0","30"
"PRTW-D31-96","218.9900","0","75"
"PRTW-D31-108","238.9900","0","84"
"PRTW-D31-120","258.9900","0","42"
"PRTW-D31-CUS","0.0000","0","0"
"PRTW-D32-120","258.9900","0","0"
"PRTW-D32-108","238.9900","0","107"
"PRTW-D32-84","198.9900","0","33"
"PRTW-D32-96","218.9900","0","0"
"PRTW-D32-CUS","0.0000","0","0"
"PRTW-D33-84","198.9900","0","0"
"PRTW-D33-96","218.9900","0","46"
"PRTW-D33-108","238.9900","0","89"
"PRTW-D33-120","258.9900","0","42"
"PRTW-D33-CUS","0.0000","0","0"
"SSRW-LF954-84","159.0000","0","0"
"SSRW-LF954-96","174.0000","0","0"
"SSRW-LF954-108","184.0000","0","0"
"SSRW-LF954-120","194.0000","0","0"
"SHCH-EMBOCS3231-84","49.0000","0","98"
"SHCH-EMBOCS3231-96","54.0000","0","180"
"SHCH-EMBOCS3231-108","59.0000","0","167"
"SHCH-EMBOCS3231-CUS","0.0000","0","0"
"SSRW-LF935-96","174.0000","0","0"
"SSRW-LF935-108","184.0000","0","0"
"SSRW-LF935-120","194.0000","0","0"
"SSRW-LF935-84","159.0000","0","0"
"BOCH-PL1604-96","64.0000","0","95"
"BOCH-PL1604-108","69.0000","0","0"
"BOCH-PL1604-120","74.0000","0","46"
"BOCH-PL1604-84","59.0000","0","26"
"PTSCH-SLK218-108","109.0000","0","127"
"PTSCH-SLK218-120","119.0000","0","80"
"PTSCH-SLK218-84","89.0000","0","64"
"PTSCH-SLK218-96","99.0000","0","153"
"BOCH-KC35-108","59.9900","0","135"
"BOCH-KC35-120","64.9900","0","62"
"BOCH-KC35-84","49.9900","0","0"
"BOCH-KC35-96","54.9900","0","88"
"BOCH-KC26-96","54.9900","0","292"
"BOCH-KC26-108","59.9900","0","279"
"BOCH-KC26-120","64.9900","0","108"
"BOCH-KC26-84","49.9900","0","283"
"DIS-ID7806-84","169.0000","0","62"
"DIS-ID7806-96","179.0000","0","104"
"DIS-ID7806-108","189.0000","0","68"
"DIS-ID7806-120","204.0000","0","40"
"PTSCH-11087-84","89.0000","0","0"
"PTSCH-11087-96","99.0000","0","0"
"PTSCH-11087-108","109.0000","0","0"
"PTSCH-11087-120","119.0000","0","0"
"EFSCH-20134G1-120","139.0000","0","0"
"CZCH-CTZ12-96","49.0000","0","68"
"CZCH-CTZ12-108","59.0000","0","66"
"CZCH-CTZ12-120","69.0000","0","0"
"CZCH-CTZ12-84","39.0000","0","35"
"CZCH-CTZ12-108-GR","59.0000","0","30"
"CZCH-CTZ12-120-GR","69.0000","0","25"
"CZCH-CTZ12-84-GR","39.0000","0","34"
"CZCH-CTZ12-96-GR","49.0000","0","85"
"BOCH-KC30-84","49.9900","0","116"
"BOCH-KC30-96","54.9900","0","116"
"DIS-ID112-96","179.0000","0","0"
"DIS-ID112-108","189.0000","0","0"
"DIS-ID112-120","204.0000","0","0"
"DIS-ID112-84","169.0000","0","0"
"DIS-ID112-CUS","0.0000","0","0"
"DIS-ID124-84","169.0000","0","39"
"DIS-ID124-96","179.0000","0","38"
"DIS-ID124-108","189.0000","0","0"
"DIS-ID124-120","204.0000","0","32"
"DIS-ID124-CUS","0.0000","0","0"
"CZCH-CTZ5-120","69.0000","0","41"
"CZCH-CTZ5-84","39.0000","0","0"
"CZCH-CTZ5-96","49.0000","0","41"
"CZCH-CTZ5-108","59.0000","0","80"
"CZCH-CTZ5-84-GR","39.0000","0","0"
"CZCH-CTZ5-96-GR","49.0000","0","0"
"CZCH-CTZ5-108-GR","59.0000","0","0"
"CZCH-CTZ5-120-GR","69.0000","0","0"
"SHCH-EMBOCS3595-84","69.0000","0","0"
"SHCH-EMBOCS3595-96","74.0000","0","47"
"SHCH-EMBOCS3595-108","79.0000","0","0"
"SHCH-EMBOCS3595-120","84.0000","0","27"
"SHCH-EMBOCS3595-CUS","0.0000","0","0"
"SSRW-LF952-120","194.0000","0","0"
"SSRW-LF952-108","184.0000","0","0"
"SSRW-LF952-84","159.0000","0","0"
"SSRW-LF952-96","174.0000","0","0"
"SHCH-EMB20133B-84","44.0000","0","0"
"SHCH-EMB20133B-96","49.0000","0","210"
"SHCH-EMB20133B-108","54.0000","0","100"
"SHCH-EMB20133B-120","59.0000","0","35"
"SHCH-EMB20133B-CUS","0.0000","0","0"
"SHCH-EMB20133A-84","44.0000","0","32"
"SHCH-EMB20133A-96","49.0000","0","90"
"SHCH-EMB20133A-108","54.0000","0","105"
"SHCH-EMB20133A-120","59.0000","0","0"
"SHCH-EMB20133A-CUS","0.0000","0","0"
"PTCH-JTSP209-84","158.0000","0","21"
"PTCH-JTSP209-CUS","0.0000","0","0"
"BOCH-PL4201-84","49.0000","0","181"
"BOCH-PL4201-96","54.0000","0","289"
"BOCH-PL4201-108","59.0000","0","318"
"BOCH-PL4201-120","64.0000","0","193"
"SSRW-LF959-120","194.0000","0","0"
"SSRW-LF959-84","159.0000","0","0"
"SSRW-LF959-96","174.0000","0","0"
"SSRW-LF959-108","184.0000","0","0"
"PTSCH-11093-84","89.0000","0","53"
"PTSCH-11093-96","99.0000","0","286"
"PTSCH-11093-108","109.0000","0","116"
"PTSCH-11093-120","119.0000","0","93"
"PTCH-JTSP102-84","158.0000","0","0"
"PTCH-JTSP102-108","178.0000","0","213"
"PTCH-JTSP102-CUS","0.0000","0","0"
"PRTW-D26-84","198.9900","0","52"
"PRTW-D26-96","218.9900","0","30"
"PRTW-D26-108","238.9900","0","76"
"PRTW-D26-120","258.9900","0","37"
"PRTW-D26-CUS","0.0000","0","0"
"VCCH-VET12010-108","238.0000","0","81"
"VCCH-VET12010-120","258.0000","0","49"
"VCCH-VET12010-84","198.0000","0","55"
"VCCH-VET12010-96","218.0000","0","84"
"BOCH-193810-84","29.0000","0","81"
"BOCH-193810-96","34.0000","0","0"
"BOCH-193810-108","39.0000","0","86"
"BOCH-193810-120","44.0000","0","22"
"BOCH-193810-96-GR","34.0000","0","82"
"BOCH-193810-108-GR","39.0000","0","137"
"BOCH-193810-120-GR","44.0000","0","79"
"BOCH-193810-84-GR","29.0000","0","53"
"BOCH-120601-84","29.0000","0","170"
"BOCH-120601-96","34.0000","0","358"
"BOCH-120601-108","39.0000","0","203"
"BOCH-120601-120","44.0000","0","162"
"BOCH-1-20601-CUS","0.0000","0","0"
"BOCH-120601-84-GR","29.0000","0","55"
"BOCH-120601-96-GR","34.0000","0","174"
"BOCH-120601-108-GR","39.0000","0","199"
"BOCH-120601-120-GR","44.0000","0","88"
"PTCH-JTSP120-108","178.0000","0","206"
"PTCH-JTSP120-120","188.0000","0","75"
"PTCH-JTSP120-84","158.0000","0","63"
"PTCH-JTSP208-84","158.0000","0","0"
"PTCH-JTSP208-108","178.0000","0","31"
"PTCH-JTSP208-120","188.0000","0","30"
"PTCH-JTSP208-CUS","0.0000","0","0"
"SHCH-EMB20137-120","84.0000","0","64"
"SHCH-EMB20137-84","69.0000","0","65"
"SHCH-EMB20137-96","74.0000","0","125"
"SHCH-EMB20137-108","79.0000","0","128"
"SHCH-EMB20137-CUS","0.0000","0","0"
"PTCH-JTSP100-84","158.0000","0","76"
"PTCH-JTSP100-108","178.0000","0","273"
"PTCH-JTSP100-120","188.0000","0","128"
"PTCH-JTSP100-CUS","0.0000","0","0"
"PTCH-JTSP202-CUS","0.0000","0","0"
"SHCH-EMB20131B-84","39.0000","0","0"
"SHCH-EMB20131B-96","44.0000","0","0"
"SHCH-EMB20131B-108","49.0000","0","0"
"SHCH-EMB20131B-120","54.0000","0","0"
"SHCH-EMB20131B-CUS","0.0000","0","0"
"SHCH-EMB20131A-84","39.0000","0","0"
"SHCH-EMB20131A-96","44.0000","0","0"
"SHCH-EMB20131A-108","49.0000","0","23"
"SHCH-EMB20131A-120","54.0000","0","0"
"SHCH-EMB20131A-CUS","0.0000","0","0"
"SHCH-LH20133-84","39.0000","0","69"
"SHCH-LH20133-96","44.0000","0","116"
"SHCH-LH20133-108","49.0000","0","134"
"SHCH-LH20135-84","39.0000","0","78"
"SHCH-LH20135-96","44.0000","0","106"
"SHCH-LH20135-108","49.0000","0","124"
"PTCH-JTSP203-108","178.0000","0","29"
"PTCH-JTSP203-CUS","0.0000","0","0"
"SHFLNCH-M012-120","40.0000","0","74"
"SHFLNCH-M012-84","25.0000","0","22"
"SHFLNCH-M012-96","30.0000","0","197"
"SHFLNCH-M012-108","35.0000","0","190"
"BOCH-KC31-84","49.9900","0","58"
"BOCH-KC31-96","54.9900","0","148"
"BOCH-KC31-108","59.9900","0","238"
"BOCH-KC31-120","64.9900","0","97"
"SHCH-EMB20138-120","70.0000","0","64"
"SHCH-EMB20138-84","55.0000","0","45"
"SHCH-EMB20138-96","60.0000","0","92"
"SHCH-EMB20138-108","65.0000","0","88"
"SHCH-EMB20138-CUS","0.0000","0","0"
"BOCH-PL1608-120","64.0000","0","33"
"BOCH-PL1608-84","49.0000","0","33"
"BOCH-PL1608-96","54.0000","0","60"
"BOCH-PL1608-108","59.0000","0","28"
"PTCH-JTSP206-108","178.0000","0","40"
"PTCH-JTSP206-CUS","0.0000","0","0"
"PTCH-JTSP005-84","158.0000","0","124"
"PTCH-JTSP005-120","188.0000","0","66"
"PTCH-JTSP005-CUS","0.0000","0","0"
"BOCH-PL1606-96","54.0000","0","143"
"BOCH-PL1606-108","59.0000","0","121"
"BOCH-PL1606-120","64.0000","0","44"
"BOCH-PL1606-84","49.0000","0","71"
"BOCH-KC36-84","49.9900","0","0"
"BOCH-KC36-96","54.9900","0","164"
"BOCH-KC36-108","59.9900","0","125"
"BOCH-KC36-120","64.9900","0","69"
"PTCH-JTSP205-108","178.0000","0","66"
"PTCH-JTSP205-120","188.0000","0","46"
"PTCH-JTSP205-CUS","0.0000","0","0"
"BOCH-KC27-84","49.9900","0","283"
"BOCH-KC27-96","54.9900","0","448"
"BOCH-KC27-108","59.9900","0","367"
"BOCH-KC27-120","64.9900","0","155"
"FHLCH-YL5003-84","49.0000","0","0"
"PRTW-D25-84","198.9900","0","0"
"PRTW-D25-96","218.9900","0","0"
"PRTW-D25-108","238.9900","0","0"
"PRTW-D25-120","258.9900","0","0"
"PRTW-D25-CUS","0.0000","0","0"
"PRTW-D24B-84","198.9900","0","0"
"PRTW-D24B-96","218.9900","0","52"
"PRTW-D24B-108","238.9900","0","58"
"PRTW-D24B-120","258.9900","0","32"
"PRTW-D24B-CUS","0.0000","0","0"
"PRTW-D24A-84","198.9900","0","0"
"PRTW-D24A-96","218.9900","0","0"
"PRTW-D24A-108","238.9900","0","0"
"PRTW-D24A-120","258.9900","0","0"
"PRTW-D24A-CUS","0.0000","0","0"
"PRTW-D12-84","198.9900","0","0"
"PRTW-D12-96","218.9900","0","0"
"PRTW-D12-108","238.9900","0","0"
"PRTW-D12-120","258.9900","0","0"
"PRTW-D12-CUS","0.0000","0","0"
"PRTW-D11-84","198.9900","0","40"
"PRTW-D11-96","218.9900","0","172"
"PRTW-D11-108","238.9900","0","172"
"PRTW-D11-120","258.9900","0","55"
"PRTW-D11-CUS","0.0000","0","0"
"BOCH-PL1605-108","59.0000","0","199"
"BOCH-PL1605-120","64.0000","0","129"
"BOCH-PL1605-84","49.0000","0","68"
"BOCH-PL1605-96","54.0000","0","123"
"PRTW-D13-84","198.9900","0","25"
"PRTW-D13-96","218.9900","0","72"
"PRTW-D13-108","238.9900","0","40"
"PRTW-D13-120","258.9900","0","45"
"PRTW-D13-CUS","0.0000","0","0"
"BOCH-191016-84","29.0000","0","130"
"BOCH-191016-96","34.0000","0","202"
"BOCH-191016-108","39.0000","0","224"
"BOCH-191016-120","44.0000","0","112"
"PTCH-JTSP190912-96","168.0000","0","235"
"BOCH-191016-120-GR","44.0000","0","160"
"BOCH-191016-84-GR","29.0000","0","155"
"BOCH-191016-96-GR","34.0000","0","184"
"BOCH-191016-108-GR","39.0000","0","397"
"BOCH-190303-84","29.0000","0","215"
"BOCH-190303-96","34.0000","0","305"
"BOCH-190303-108","39.0000","0","205"
"BOCH-190303-120","44.0000","0","165"
"BOCH-190303-84-GR","29.0000","0","147"
"BOCH-190303-96-GR","34.0000","0","204"
"BOCH-190303-108-GR","39.0000","0","162"
"BOCH-190303-120-GR","44.0000","0","258"
"SHCH-EMBOCS3293-84","49.0000","0","109"
"SHCH-EMBOCS3293-96","54.0000","0","172"
"SHCH-EMBOCS3293-108","59.0000","0","161"
"SHCH-EMBOCS3293-CUS","0.0000","0","0"
"BOCH-KC22-84","49.9900","0","21"
"BOCH-KC22-96","54.9900","0","86"
"BOCH-KC22-108","59.9900","0","143"
"BOCH-KC22-120","64.9900","0","63"
"PTSCH-72012-84","89.0000","0","0"
"PTSCH-72012-96","99.0000","0","0"
"PTSCH-72012-108","109.0000","0","78"
"PTSCH-72012-120","119.0000","0","40"
"BOCH-KC29-84","49.9900","0","47"
"BOCH-KC29-96","54.9900","0","119"
"BOCH-KC29-108","59.9900","0","174"
"BOCH-KC29-120","64.9900","0","84"
"BOCH-201302-96","34.0000","0","0"
"BOCH-201302-84","29.0000","0","0"
"BOCH-201302-108","39.0000","0","82"
"BOCH-201302-120","44.0000","0","58"
"BOCH-201302-84-GR","29.0000","0","72"
"BOCH-201302-96-GR","34.0000","0","132"
"BOCH-201302-108-GR","39.0000","0","200"
"BOCH-201302-120-GR","44.0000","0","120"
"DIS-ID1-120","204.0000","0","66"
"DIS-ID1-84","169.0000","0","72"
"DIS-ID1-96","179.0000","0","103"
"DIS-ID1-108","189.0000","0","93"
"DIS-ID1-CUS","0.0000","0","0"
"SHCH-LH20134-84","39.0000","0","108"
"SHCH-LH20134-96","44.0000","0","160"
"SHCH-LH20134-108","49.0000","0","151"
"SHCH-EMBOCS4084-84","49.0000","0","153"
"SHCH-EMBOCS4084-96","54.0000","0","223"
"SHCH-EMBOCS4084-108","59.0000","0","227"
"SHCH-EMBOCS4084-CUS","0.0000","0","0"
"JQCH-20122010-120","99.0000","0","0"
"JQCH-20122010-84","69.0000","0","0"
"JQCH-20122010-96","79.0000","0","0"
"JQCH-20122010-108","89.0000","0","0"
"PTSCH-SLK211-96","99.0000","0","32"
"PTSCH-SLK211-108","109.0000","0","0"
"PTSCH-SLK211-120","119.0000","0","0"
"PTSCH-SLK211-84","89.0000","0","0"
"BOCH-PL1602-84","49.0000","0","30"
"BOCH-PL1602-96","54.0000","0","115"
"BOCH-PL1602-108","59.0000","0","154"
"BOCH-PL1602-120","64.0000","0","82"
"DIS-ID9-120","204.0000","0","47"
"DIS-ID9-84","169.0000","0","88"
"DIS-ID9-96","179.0000","0","95"
"DIS-ID9-108","189.0000","0","102"
"PRTW-D28-96","218.9900","0","60"
"PRTW-D28-108","238.9900","0","168"
"PRTW-D28-120","258.9900","0","41"
"PRTW-D28-84","198.9900","0","0"
"PRTW-D28-CUS","0.0000","0","0"
"BOCH-KC6-120","44.9900","0","46"
"BOCH-KC6-84","44.9900","0","101"
"BOCH-KC6-96","49.9900","0","127"
"BOCH-KC6-108","54.9900","0","120"
"SHCH-LH20136-84","39.0000","0","80"
"SHCH-LH20136-96","44.0000","0","104"
"SHCH-LH20136-108","49.0000","0","73"
"SHCH-LH97-96","44.0000","0","129"
"SHCH-LH97-108","49.0000","0","116"
"SHCH-LH97-84","39.0000","0","62"
"BOCH-201303-84","29.0000","0","0"
"BOCH-201303-96","34.0000","0","48"
"BOCH-201303-108","39.0000","0","184"
"BOCH-201303-120","44.0000","0","64"
"BOCH-201303-108-GR","39.0000","0","160"
"BOCH-201303-120-GR","44.0000","0","72"
"BOCH-201303-84-GR","29.0000","0","21"
"BOCH-201303-96-GR","34.0000","0","93"
"PTSCH-12012-84","89.0000","0","0"
"PTSCH-12012-96","99.0000","0","70"
"PTSCH-12012-108","109.0000","0","52"
"PTSCH-12012-120","119.0000","0","0"
"PTSCH-1-2012-CUS","0.0000","0","0"
"PRTW-D02-84","198.9900","0","0"
"PRTW-D02-96","218.9900","0","0"
"PRTW-D02-108","238.9900","0","0"
"PRTW-D02-120","258.9900","0","24"
"PRTW-D02-CUS","0.0000","0","0"
"PRTW-D23-120","258.9900","0","0"
"PRTW-D23-108","238.9900","0","0"
"PRTW-D23-84","198.9900","0","0"
"PRTW-D23-96","218.9900","0","0"
"PRTW-D23-CUS","0.0000","0","0"
"PRTW-D20-84","198.9900","0","0"
"PRTW-D20-96","218.9900","0","0"
"PRTW-D20-108","238.9900","0","0"
"PRTW-D20-120","258.9900","0","0"
"PRTW-D20-CUS","0.0000","0","0"
"PTCH-JTSP003-96","89.0000","0","285"
"PTCH-JTSP003-CUS","0.0000","0","0"
"PTSCH-11100-84","89.0000","0","0"
"PTSCH-11100-96","99.0000","0","93"
"PTSCH-11100-108","109.0000","0","0"
"PTSCH-11100-120","119.0000","0","0"
"PTSCH-52012-96","99.0000","0","106"
"PTSCH-52012-108","109.0000","0","127"
"PTSCH-52012-120","119.0000","0","61"
"PTSCH-52012-84","89.0000","0","44"
"DIS-ID50-84","169.0000","0","41"
"DIS-ID50-96","179.0000","0","111"
"DIS-ID50-108","189.0000","0","51"
"DIS-ID50-120","204.0000","0","43"
"PTCH-JTSP27-84","158.0000","0","48"
"PRTW-D06B-108","238.9900","0","0"
"PRTW-D06B-120","258.9900","0","0"
"PRTW-D06B-84","198.9900","0","53"
"PRTW-D06B-96","218.9900","0","106"
"PRTW-D06B-CUS","0.0000","0","0"
"PRTW-D06A-96","218.9900","0","44"
"PRTW-D06A-108","238.9900","0","40"
"PRTW-D06A-120","258.9900","0","0"
"PRTW-D06A-84","198.9900","0","0"
"PRTW-D06A-CUS","0.0000","0","0"
"PTCH-JTSP194010-108","178.0000","0","126"
"DIS-ID221-96","179.0000","0","0"
"DIS-ID221-108","189.0000","0","0"
"DIS-ID221-120","204.0000","0","0"
"DIS-ID221-84","169.0000","0","0"
"DIS-ID221-CUS","0.0000","0","0"
"BOCH-174402-84","29.0000","0","57"
"BOCH-174402-96","34.0000","0","125"
"BOCH-174402-108","39.0000","0","115"
"BOCH-174402-120","44.0000","0","104"
"BOCH-174402-84-GR","29.0000","0","97"
"BOCH-174402-96-GR","34.0000","0","221"
"BOCH-174402-108-GR","39.0000","0","215"
"BOCH-174402-120-GR","44.0000","0","134"
"SHFLNCH-M015-108","35.0000","0","193"
"SHFLNCH-M015-120","40.0000","0","66"
"SHFLNCH-M015-84","25.0000","0","70"
"SHFLNCH-M015-96","30.0000","0","183"
"PRTW-D01-120","258.9900","0","43"
"PRTW-D01-84","198.9900","0","51"
"PRTW-D01-96","218.9900","0","110"
"PRTW-D01-108","238.9900","0","105"
"PRTW-D01-CUS","0.0000","0","0"
"PTSCH-11098-84","89.0000","0","0"
"PTSCH-11098-96","99.0000","0","0"
"PTSCH-11098-108","109.0000","0","72"
"PTSCH-11098-120","119.0000","0","52"
"PTSCH-13402-120","119.0000","0","0"
"PTSCH-13402-84","89.0000","0","0"
"PTSCH-13402-96","99.0000","0","0"
"PTSCH-13402-108","109.0000","0","0"
"SHCH-ORG6-120-PR","37.9900","0","192"
"SHCH-ORG6-84-PR","19.9900","0","85"
"SHCH-ORG6-96-PR","26.9900","0","227"
"SHCH-ORG6-108-PR","32.9900","0","278"
"SHCH-ORG2-120-PR","37.9900","0","126"
"SHCH-ORG2-84-PR","19.9900","0","126"
"SHCH-ORG2-96-PR","26.9900","0","514"
"SHCH-ORG2-108-PR","32.9900","0","405"
"SHCH-VOL3-84-PR","19.9900","0","591"
"SHCH-VOL3-96-PR","26.9900","0","1434"
"SHCH-VOL3-108-PR","32.9900","0","1546"
"SHCH-VOL3-120-PR","37.9900","0","553"
"SHCH-VOL3-SW","0.9900","0","472"
"SHCH-VOL1-84-PR","19.9900","0","332"
"SHCH-VOL1-96-PR","26.9900","0","1092"
"SHCH-VOL1-108-PR","32.9900","0","1061"
"SHCH-VOL1-120-PR","37.9900","0","557"
"SHCH-VOL1-SW","0.9900","0","526"
"SHCH-ORG1-120-PR","37.9900","0","326"
"SHCH-ORG1-84-PR","19.9900","0","206"
"SHCH-ORG1-96-PR","26.9900","0","510"
"SHCH-ORG1-108-PR","32.9900","0","555"
"SHCH-LH94A-84","39.0000","0","193"
"SHCH-LH94A-96","49.0000","0","249"
"SHCH-LH94A-108","59.0000","0","0"
"SHCH-LH159-84","39.0000","0","80"
"SHCH-LH159-96","44.0000","0","148"
"SHCH-LH159-108","49.0000","0","144"
"PRTW-D21-96","218.9900","0","0"
"PRTW-D21-108","238.9900","0","0"
"PRTW-D21-120","258.9900","0","0"
"PRTW-D21-84","198.9900","0","0"
"PRTW-D21-CUS","0.0000","0","0"
"PRTW-D27-84","198.9900","0","44"
"PRTW-D27-96","218.9900","0","87"
"PRTW-D27-108","238.9900","0","99"
"PRTW-D27-120","258.9900","0","41"
"PRTW-D27-CUS","0.0000","0","0"
"PTCH-JTSP87-108","178.0000","0","221"
"PTCH-JTSP87-120","188.0000","0","125"
"BOCH-PL1607-108","59.0000","0","143"
"BOCH-PL1607-120","64.0000","0","32"
"BOCH-PL1607-84","49.0000","0","66"
"BOCH-PL1607-96","54.0000","0","144"
"PTSCH-13400-120","119.0000","0","70"
"PTSCH-13400-84","89.0000","0","69"
"PTSCH-13400-96","99.0000","0","136"
"PTSCH-13400-108","109.0000","0","156"
"PTSCH-13400-CUS","0.0000","0","0"
"DIS-ID7727-84","169.0000","0","90"
"DIS-ID7727-120","204.0000","0","58"
"DIS-ID7727-108","189.0000","0","185"
"DIS-ID7727-96","179.0000","0","101"
"BOCH-PL1609-120","64.0000","0","116"
"BOCH-PL1609-84","49.0000","0","58"
"BOCH-PL1609-96","54.0000","0","132"
"BOCH-PL1609-108","59.0000","0","179"
"PRTW-D30-120","258.9900","0","37"
"PRTW-D30-84","198.9900","0","0"
"PRTW-D30-96","218.9900","0","0"
"PRTW-D30-108","238.9900","0","38"
"PRTW-D30-CUS","0.0000","0","0"
"SHCH-LH130-96","44.0000","0","156"
"SHCH-LH130-108","49.0000","0","0"
"SHCH-LH130-84","39.0000","0","95"
"BOCH-KC91B-84","44.9900","0","194"
"BOCH-KC91B-96","49.9900","0","186"
"BOCH-KC91B-108","54.9900","0","249"
"BOCH-KC91B-120","59.9900","0","124"
"BOCH-KC8-96","49.9900","0","246"
"BOCH-KC8-108","54.9900","0","205"
"BOCH-KC8-120","59.9900","0","156"
"BOCH-KC8-84","44.9900","0","133"
"PTCH-JTSP112-96","89.0000","0","277"
"CZCH-CTZ1-84","39.0000","0","27"
"CZCH-CTZ1-96","49.0000","0","0"
"CZCH-CTZ1-108","59.0000","0","73"
"CZCH-CTZ1-120","69.0000","0","0"
"CZCH-CTZ1-84-GR","39.0000","0","0"
"CZCH-CTZ1-96-GR","49.0000","0","28"
"CZCH-CTZ1-108-GR","59.0000","0","63"
"CZCH-CTZ1-120-GR","69.0000","0","0"
"BOCH-KC28-84","49.9900","0","0"
"BOCH-KC28-96","54.9900","0","92"
"BOCH-KC28-108","59.9900","0","119"
"BOCH-KC28-120","64.9900","0","71"
"BOCH-201305-84","29.0000","0","0"
"BOCH-201305-96","34.0000","0","97"
"BOCH-201305-108","39.0000","0","213"
"BOCH-201305-120","44.0000","0","110"
"BOCH-201305-84-GR","29.0000","0","123"
"BOCH-201305-96-GR","34.0000","0","243"
"BOCH-201305-108-GR","39.0000","0","249"
"BOCH-201305-120-GR","44.0000","0","124"
"PTSCH-11089-96","99.0000","0","101"
"PTSCH-11089-84","89.0000","0","55"
"PTSCH-11089-108","109.0000","0","225"
"PTSCH-11089-120","119.0000","0","112"
"PTSCH-11083-84","89.0000","0","61"
"PTSCH-11083-96","99.0000","0","174"
"PTSCH-11083-108","109.0000","0","209"
"PTSCH-11083-120","119.0000","0","80"
"DIS-ID37-120","204.0000","0","0"
"DIS-ID37-84","169.0000","0","22"
"DIS-ID37-96","179.0000","0","78"
"DIS-ID37-108","189.0000","0","98"
"DIS-ID37-CUS","0.0000","0","0"
"PTSCH-11095-84","89.0000","0","79"
"PTSCH-11095-96","99.0000","0","287"
"PTSCH-11095-108","109.0000","0","164"
"PTSCH-11095-120","119.0000","0","98"
"PTSCH-13401-84","89.0000","0","26"
"PTSCH-13401-96","99.0000","0","81"
"PTSCH-13401-108","109.0000","0","86"
"PTSCH-13401-120","119.0000","0","43"
"PTCH-JTSP104-CUS","0.0000","0","0"
"CZCH-CTZ9-84","39.0000","0","0"
"CZCH-CTZ9-96","49.0000","0","0"
"CZCH-CTZ9-108","59.0000","0","0"
"CZCH-CTZ9-120","69.0000","0","0"
"CZCH-CTZ9-84-GR","39.0000","0","0"
"CZCH-CTZ9-96-GR","49.0000","0","0"
"CZCH-CTZ9-108-GR","59.0000","0","0"
"CZCH-CTZ9-120-GR","69.0000","0","0"
"SHCH-LH20132-108","49.0000","0","146"
"SHCH-LH20132-84","39.0000","0","93"
"SHCH-LH20132-96","44.0000","0","124"
"PRTW-D04-84","89.9900","0","49"
"PRTW-D04-96","109.9900","0","0"
"PRTW-D04-108","119.9900","0","110"
"PRTW-D04-120","129.9900","0","92"
"PRTW-D04-CUS","0.0000","0","0"
"PTSCH-32012-84","89.0000","0","0"
"PTSCH-32012-96","99.0000","0","104"
"PTSCH-32012-108","109.0000","0","156"
"PTSCH-32012-120","119.0000","0","50"
"BOCH-PL1601-84","49.0000","0","70"
"BOCH-PL1601-96","54.0000","0","96"
"BOCH-PL1601-108","59.0000","0","60"
"BOCH-PL1601-120","64.0000","0","0"
"SSRW-LF951-120","194.0000","0","0"
"SSRW-LF951-84","159.0000","0","0"
"SSRW-LF951-96","174.0000","0","0"
"SSRW-LF951-108","184.0000","0","24"
"BOCH-KC20-84","49.9900","0","0"
"BOCH-KC20-120","64.9900","0","83"
"BOCH-KC20-96","54.9900","0","62"
"BOCH-KC20-108","59.9900","0","138"
"BOCH-KC25-84","49.9900","0","94"
"BOCH-KC25-96","54.9900","0","130"
"BOCH-KC25-108","59.9900","0","122"
"BOCH-KC25-120","64.9900","0","26"
"BOCH-KC21-84","49.9900","0","188"
"BOCH-KC21-96","54.9900","0","398"
"BOCH-KC21-108","49.9900","0","398"
"BOCH-KC21-120","49.9900","0","186"
"DIS-ID68-84","169.0000","0","0"
"DIS-ID68-120","204.0000","0","0"
"DIS-ID68-108","189.0000","0","0"
"DIS-ID68-96","179.0000","0","0"
"VPCH-VET1211-96","159.0000","0","104"
"VPCH-VET1211-108","169.0000","0","162"
"VPCH-VET1211-120","179.0000","0","63"
"VPCH-VET1211-84","149.0000","0","58"
"VPCH-VET1212-108","149.0000","0","128"
"VPCH-VET1212-120","149.0000","0","60"
"VPCH-VET1212-96","149.0000","0","183"
"VPCH-VET1212-84","149.0000","0","84"
"VPCH-192018-96","218.0000","0","179"
"VPCH-192018-108","238.0000","0","200"
"VPCH-192018-120","258.0000","0","118"
"VPCH-192018-84","198.0000","0","0"
"VPCH-VET1216-84","149.0000","0","41"
"VPCH-VET1216-96","159.0000","0","130"
"VPCH-VET1216-108","169.0000","0","149"
"VPCH-VET1216-120","179.0000","0","53"
"VPCH-192018-108-GRBO","104.0000","0","74"
"VPCH-192018-120-GRBO","114.0000","0","46"
"VPCH-192018-84-GRBO","79.0000","0","0"
"VPCH-192018-96-GRBO","94.0000","0","78"
"VPCH-192315-120","258.0000","0","149"
"VPCH-192315-84","198.0000","0","80"
"VPCH-192315-96","218.0000","0","186"
"VPCH-192315-108","238.0000","0","274"
"VPCH-VET1218-84","149.0000","0","0"
"VPCH-VET1218-96","159.0000","0","82"
"VPCH-VET1218-108","169.0000","0","85"
"VPCH-VET1218-120","179.0000","0","0"
"VPCH-192315-84-GRBO","79.0000","0","93"
"VPCH-192315-96-GRBO","94.0000","0","267"
"VPCH-192315-108-GRBO","104.0000","0","275"
"VPCH-192315-120-GRBO","114.0000","0","120"
"VPCH-193810-84","198.0000","0","0"
"VPCH-193810-96","218.0000","0","0"
"VPCH-193810-108","238.0000","0","158"
"VPCH-193810-120","258.0000","0","65"
"SHCH-OUR1921ASH-108","24.9900","0","0"
"SHCH-OUR1921ASH-84","24.9900","0","268"
"SHCH-OUR1921ASH-96","24.9900","0","175"
"SHCH-OUR1925BLU-84","24.9900","0","69"
"SHCH-OUR1925BLU-96","24.9900","0","26"
"SHCH-OUR1925BLU-108","24.9900","0","176"
"SHCH-OUR1922COC-84","29.9900","0","146"
"SHCH-OUR1922COC-96","29.9900","0","41"
"SHCH-OUR1922COC-108","29.9900","0","270"
"SHCH-OUR1923NAT-84","24.9900","0","267"
"SHCH-OUR1923NAT-96","24.9900","0","79"
"SHCH-OUR1923NAT-108","24.9900","0","111"
"VPCH-190622-84","198.0000","0","0"
"VPCH-190622-96","218.0000","0","0"
"VPCH-190622-108","238.0000","0","0"
"VPCH-190622-120","258.0000","0","32"
"VPCH-190622-84-GRBO","79.0000","0","0"
"VPCH-190622-96-GRBO","94.0000","0","116"
"VPCH-190622-108-GRBO","104.0000","0","121"
"VPCH-190622-120-GRBO","114.0000","0","22"
"VPCH-120601-120","74.0000","0","112"
"VPCH-120601-84","59.0000","0","0"
"VPCH-120601-96","64.0000","0","123"
"VPCH-120601-108","69.0000","0","200"
"VPCH-1-20601-CUS","0.0000","0","0"
"VPCH-VET1217-84","149.0000","0","130"
"VPCH-VET1217-96","159.0000","0","249"
"VPCH-VET1217-108","169.0000","0","245"
"VPCH-VET1217-120","179.0000","0","128"
"VPCH-120601-84-GRBO","79.0000","0","58"
"VPCH-120601-96-GRBO","94.0000","0","92"
"VPCH-120601-108-GRBO","104.0000","0","114"
"VPCH-120601-120-GRBO","114.0000","0","73"
"VPCH-190912-84","198.0000","0","64"
"VPCH-190912-96","218.0000","0","201"
"VPCH-190912-108","238.0000","0","262"
"VPCH-190912-120","258.0000","0","112"
"VPCH-VET1214-84","149.0000","0","45"
"VPCH-VET1214-96","159.0000","0","109"
"VPCH-VET1214-108","169.0000","0","128"
"VPCH-VET1214-120","179.0000","0","44"
"VPCH-190912-84-GRBO","79.0000","0","0"
"VPCH-190912-96-GRBO","94.0000","0","110"
"VPCH-190912-108-GRBO","104.0000","0","97"
"VPCH-190912-120-GRBO","114.0000","0","47"
"VPCH-194023-84","198.0000","0","0"
"VPCH-194023-96","218.0000","0","36"
"VPCH-194023-108","238.0000","0","97"
"VPCH-194023-120","258.0000","0","49"
"VPCH-VET1215-84","149.0000","0","37"
"VPCH-VET1215-96","159.0000","0","117"
"VPCH-VET1215-108","169.0000","0","194"
"VPCH-VET1215-120","149.0000","0","61"
"VPCH-194023-84-GRBO","79.0000","0","0"
"VPCH-194023-96-GRBO","94.0000","0","60"
"VPCH-194023-108-GRBO","104.0000","0","129"
"VPCH-194023-120-GRBO","114.0000","0","83"
"VPCH-184005-120","114.0000","0","91"
"VPCH-184005-108","104.0000","0","232"
"VPCH-184005-84","79.0000","0","76"
"VPCH-184005-96","94.0000","0","180"
"VPCH-184005-108-GRBO","104.0000","0","149"
"VPCH-184005-120-GRBO","114.0000","0","58"
"VPCH-184005-84-GRBO","79.0000","0","24"
"VPCH-184005-96-GRBO","94.0000","0","228"
"VPCH-110602-84","79.0000","0","85"
"VPCH-110602-96","94.0000","0","110"
"VPCH-110602-108","104.0000","0","223"
"VPCH-110602-120","114.0000","0","118"
"VPCH-VET1219-96","159.0000","0","283"
"VPCH-VET1219-108","169.0000","0","283"
"VPCH-VET1219-120","179.0000","0","179"
"VPCH-VET1219-84","149.0000","0","171"
"VPCH-110602-84-GRBO","79.0000","0","77"
"VPCH-110602-96-GRBO","94.0000","0","165"
"VPCH-110602-108-GRBO","104.0000","0","199"
"VPCH-110602-120-GRBO","114.0000","0","103"
"SHCH-VOL3-84-DLSW","19.9900","0","95"
"SHCH-VOL3-96-DLSW","26.9900","0","124"
"SHCH-VOL3-108-DLSW","32.9900","0","142"
"SHCH-VOL3-120-DLSW","37.9900","0","76"
"VPCH-145002-108","104.0000","0","203"
"VPCH-145002-120","114.0000","0","95"
"VPCH-145002-84","79.0000","0","126"
"VPCH-145002-96","94.0000","0","111"
"VPCH-VET1213-120","179.0000","0","85"
"VPCH-VET1213-84","149.0000","0","83"
"VPCH-VET1213-96","159.0000","0","190"
"VPCH-VET1213-108","169.0000","0","196"
"VPCH-145002-84-GRBO","79.0000","0","0"
"VPCH-145002-96-GRBO","94.0000","0","0"
"VPCH-145002-108-GRBO","104.0000","0","0"
"VPCH-145002-120-GRBO","114.0000","0","41"
"VPCH-194007-84","79.0000","0","133"
"VPCH-194007-96","94.0000","0","99"
"VPCH-194007-108","104.0000","0","107"
"VPCH-194007-120","114.0000","0","35"
"VPCH-194007-120-GRBO","114.0000","0","102"
"VPCH-194007-84-GRBO","79.0000","0","88"
"VPCH-194007-96-GRBO","94.0000","0","266"
"VPCH-194007-108-GRBO","104.0000","0","255"
"VPCH-141113-96","89.0000","0","174"
"VPCH-141113-108","99.0000","0","60"
"VPCH-141113-120","109.0000","0","0"
"VPCH-141113-84","79.0000","0","0"
"SHCH-VOL1-84-DLSW","19.9900","0","82"
"SHCH-VOL1-96-DLSW","26.9900","0","92"
"SHCH-VOL1-108-DLSW","32.9900","0","108"
"SHCH-VOL1-120-DLSW","37.9900","0","76"
"DIS-ID511-84","169.0000","0","0"
"DIS-ID511-96","179.0000","0","47"
"DIS-ID511-108","189.0000","0","53"
"DIS-ID511-120","204.0000","0","0"
"PRTW-D22-108","238.9900","0","0"
"PRTW-D22-120","258.9900","0","0"
"PRTW-D22-84","198.9900","0","0"
"PRTW-D22-96","218.9900","0","0"
"PRTW-D22-CUS","0.0000","0","0"
"SSRW-LF956-84","159.0000","0","0"
"SSRW-LF956-96","174.0000","0","21"
"SSRW-LF956-108","184.0000","0","32"
"SSRW-LF956-120","194.0000","0","0"
"BOCH-KC1-96","49.9900","0","270"
"BOCH-KC1-108","54.9900","0","349"
"BOCH-KC1-120","59.9900","0","93"
"BOCH-KC1-84","44.9900","0","216"
"DIS-ID20-84","169.0000","0","0"
"DIS-ID20-96","179.0000","0","0"
"DIS-ID20-108","189.0000","0","90"
"DIS-ID20-120","204.0000","0","0"
"DIS-ID20-CUS","0.0000","0","0"
"PTCH-JTSP1066-120","188.0000","0","59"
"SSRW-LF953-84","159.0000","0","0"
"SSRW-LF953-96","174.0000","0","0"
"SSRW-LF953-108","184.0000","0","0"
"SSRW-LF953-120","194.0000","0","0"
"PRTW-D29B-108","238.9900","0","76"
"PRTW-D29B-120","258.9900","0","41"
"PRTW-D29B-84","198.9900","0","0"
"PRTW-D29B-96","218.9900","0","24"
"PRTW-D29B-CUS","0.0000","0","0"
"PRTW-D29A-108","238.9900","0","76"
"PRTW-D29A-120","258.9900","0","30"
"PRTW-D29A-84","198.9900","0","0"
"PRTW-D29A-96","218.9900","0","39"
"PRTW-D29A-CUS","0.0000","0","0"
"BOCH-KC23-84","49.9900","0","0"
"BOCH-KC23-96","54.9900","0","0"
"BOCH-KC23-108","59.9900","0","0"
"BOCH-KC23-120","64.9900","0","32"
"BOCH-KC33-96","54.9900","0","135"
"BOCH-KC33-108","59.9900","0","140"
"BOCH-KC33-120","64.9900","0","33"
"BOCH-KC33-84","49.9900","0","110"
"SHFLNCH-M013-108","35.0000","0","187"
"SHFLNCH-M013-120","25.0000","0","0"
"SHFLNCH-M013-84","25.0000","0","58"
"SHFLNCH-M013-96","30.0000","0","191"
"BOCH-PL1610-120","64.0000","0","0"
"BOCH-PL1610-84","49.0000","0","28"
"BOCH-PL1610-96","54.0000","0","0"
"BOCH-PL1610-108","59.0000","0","0"
"CZCH-CTZ6-84","39.0000","0","0"
"CZCH-CTZ6-96","49.0000","0","0"
"CZCH-CTZ6-108","59.0000","0","0"
"CZCH-CTZ6-120","69.0000","0","0"
"CZCH-CTZ6-108-GR","59.0000","0","0"
"CZCH-CTZ6-120-GR","69.0000","0","0"
"CZCH-CTZ6-84-GR","39.0000","0","0"
"CZCH-CTZ6-96-GR","49.0000","0","0"
"CZCH-CTZ2-108","59.0000","0","42"
"CZCH-CTZ2-120","39.0000","0","0"
"CZCH-CTZ2-96","49.0000","0","24"
"CZCH-CTZ2-84","39.0000","0","0"
"CZCH-CTZ2-120-GR","39.0000","0","0"
"CZCH-CTZ2-84-GR","39.0000","0","0"
"CZCH-CTZ2-96-GR","49.0000","0","47"
"CZCH-CTZ2-108-GR","59.0000","0","0"
"PTSCH-11082-84","89.0000","0","0"
"PTSCH-11082-96","99.0000","0","0"
"PTSCH-11082-108","109.0000","0","0"
"PTSCH-11082-120","119.0000","0","0"
"SHCH-EMB20132B-84","39.0000","0","63"
"SHCH-EMB20132B-96","44.0000","0","75"
"SHCH-EMB20132B-108","49.0000","0","103"
"SHCH-EMB20132B-120","54.0000","0","46"
"SHCH-EMB20132B-CUS","0.0000","0","0"
"SHCH-EMB20132A-84","39.0000","0","41"
"SHCH-EMB20132A-96","44.0000","0","120"
"SHCH-EMB20132A-108","49.0000","0","98"
"SHCH-EMB20132A-120","54.0000","0","30"
"SHCH-EMB20132A-CUS","0.0000","0","0"
"PTCH-JTSP29-120","188.0000","0","102"
"PTCH-JTSP29-84","158.0000","0","69"
"SHFLNCH-M011-120","40.0000","0","60"
"SHFLNCH-M011-84","25.0000","0","0"
"SHFLNCH-M011-96","30.0000","0","98"
"SHFLNCH-M011-108","35.0000","0","146"
"DIS-ID7906-120","204.0000","0","39"
"DIS-ID7906-84","169.0000","0","28"
"DIS-ID7906-96","179.0000","0","92"
"DIS-ID7906-108","189.0000","0","68"
"PTCH-JTSP207-120","188.0000","0","44"
"PTCH-JTSP207-84","158.0000","0","25"
"PTCH-JTSP207-108","178.0000","0","78"
"PTCH-JTSP207-CUS","0.0000","0","0"
"SHCH-LHOCS333-84","39.0000","0","105"
"SHCH-LHOCS333-96","44.0000","0","158"
"SHCH-LHOCS333-108","49.0000","0","0"
"PTCH-JTSP005-96-RU","168.0000","0","0"
"PTCH-JTSP005-108-RU","178.0000","0","0"
"PTCH-JTSP005-120-RU","188.0000","0","0"
"PTCH-54-108-RU","308.0000","0","0"
"PTCH-54-84-RU","228.0000","0","0"
"PTCH-JTSP190912-120-RU","188.0000","0","0"
"PTCH-27-108-RU","139.0000","0","0"
"PTCH-27-120-RU","159.0000","0","0"
"PTCH-27-84-RU","99.0000","0","0"
"PTCH-27-96-RU","119.0000","0","0"
"PTCH-JTSP112-120-RU","109.0000","0","0"
"PTCH-JTSP204-84","158.0000","0","0"
"PTCH-JTSP204-96","168.0000","0","45"
"PTCH-JTSP204-120","188.0000","0","33"
"PTCH-JTSP204-CUS","0.0000","0","0"
"PTCH-JTSP005-96-RU","168.0000","0","0"
"PTCH-JTSP005-108-RU","178.0000","0","0"
"PTCH-JTSP005-120-RU","188.0000","0","0"
"PTCH-JTSP190912-120-RU","188.0000","0","0"
"BOCH-KC34C-84","49.9900","0","0"
"BOCH-KC34C-96","54.9900","0","60"
"BOCH-KC34C-108","59.9900","0","132"
"BOCH-KC34C-120","64.9900","0","59"
"PTCH-JTSP130907-96","104.0000","0","337"
"PTCH-JTSP130907-84","89.0000","0","181"
"JQCH-HANB1B-120","149.0000","0","0"
"PTCH-JTSP190912-120-RU","0.0000","0","0"
"DIS-ID20-FB","40.0000","0","0"
"DIS-ID15-FB","40.0000","0","0"
"DIS-ID1-FB","40.0000","0","0"
"DIS-ID224-FB","40.0000","0","0"
"DIS-ID124-FB","40.0000","0","0"
"DIS-ID37-FB","40.0000","0","0"
"DIS-ID221-FB","40.0000","0","0"
"DIS-ID112-FB","40.0000","0","0"
"SSRW-ROM-CAS","0.0000","0","0"
"SSRW-ROM-SFL","0.0000","0","0"
"SSRW-ROM-FSL","0.0000","0","0"
"PTSCH-ROM-CAS","0.0000","0","0"
"PTSCH-ROM-SFL","0.0000","0","0"
"PTSCH-ROM-FSL","0.0000","0","0"
"VPCH-ROM-CAS","0.0000","0","0"
"VPCH-ROM-SFL","0.0000","0","0"
"VPCH-ROM-FSL","0.0000","0","0"
"VPCH-120601-FB","18.0000","0","0"
"PTCH-ROM-CAS","0.0000","0","0"
"PTCH-ROM-SFL","0.0000","0","0"
"PTCH-ROM-FSL","0.0000","0","0"
"PRTW-ROM-CAS","0.0000","0","0"
"PRTW-ROM-SFL","0.0000","0","0"
"PRTW-ROM-FSL","0.0000","0","0"
"JQCH-HANB6-84","119.0000","0","0"
"PTSCH-11096-84","89.0000","0","0"
"PTSCH-11096-96","99.0000","0","0"
"PTSCH-11096-108","109.0000","0","0"
"PTSCH-11096-120","119.0000","0","0"
"PTCH-JTSP001-CUS","0.0000","0","0"
"PTCH-JTSP208-84","89.0000","0","0"
"PTCH-JTSP208-108","114.0000","0","0"
"PTCH-JTSP208-120","124.0000","0","22"
"PTCH-JTSP208-CUS","0.0000","0","0"
"PTCH-JTSP003-96","104.0000","0","236"
"PTCH-JTSP003-108","114.0000","0","0"
"PTCH-JTSP003-CUS","0.0000","0","0"
"PTCH-JTSP203-84","89.0000","0","0"
"PTCH-JTSP203-96","104.0000","0","0"
"PTCH-JTSP203-108","114.0000","0","0"
"PTCH-JTSP203-CUS","0.0000","0","0"
"PTCH-JTSP205-108","114.0000","0","53"
"PTCH-JTSP205-120","124.0000","0","36"
"PTCH-JTSP205-CUS","0.0000","0","0"
"PTCH-JTSP202-CUS","0.0000","0","0"
"PTCH-JTSP204-84","89.0000","0","0"
"PTCH-JTSP204-96","104.0000","0","28"
"PTCH-JTSP204-120","124.0000","0","0"
"PTCH-JTSP204-CUS","0.0000","0","0"
"PTCH-JTSP207-84","89.0000","0","10"
"PTCH-JTSP207-108","114.0000","0","61"
"PTCH-JTSP207-120","124.0000","0","34"
"PTCH-JTSP207-CUS","0.0000","0","0"
"PTCH-JTSP104-CUS","0.0000","0","0"
"PTCH-JTSP209-84","89.0000","0","23"
"PTCH-JTSP209-CUS","0.0000","0","0"
"PTCH-JTSP102-84","89.0000","0","67"
"PTCH-JTSP102-108","114.0000","0","173"
"PTCH-JTSP102-CUS","0.0000","0","0"
"PTCH-JTSP190912-96","104.0000","0","241"
"PTCH-JTSP190912-120","124.0000","0","0"
"PTCH-JTSP005-84","89.0000","0","78"
"PTCH-JTSP005-108-RU","139.0000","0","0"
"PTCH-JTSP005-120","124.0000","0","61"
"PTCH-JTSP005-CUS","0.0000","0","0"
"PTCH-JTSP27-84","89.0000","0","27"
"PTCH-JTSP27-96","104.0000","0","0"
"PTCH-JTSP206-108","114.0000","0","2"
"PTCH-JTSP206-CUS","0.0000","0","0"
"PTCH-JTSP194010-108","114.0000","0","149"
"PTCH-JTSP120-84","89.0000","0","44"
"PTCH-JTSP120-108","114.0000","0","230"
"PTCH-JTSP120-120","124.0000","0","61"
"PTCH-JTSP100-84","89.0000","0","42"
"PTCH-JTSP100-108","114.0000","0","230"
"PTCH-JTSP100-120","124.0000","0","73"
"PTCH-JTSP100-CUS","0.0000","0","0"
"PTCH-JTSP54-96","104.0000","0","50"
"PTCH-JTSP87-108","114.0000","0","207"
"PTCH-JTSP87-120","124.0000","0","116"
"PTCH-JTSP112-96","104.0000","0","232"
"PTCH-JTSP112-96","104.0000","0","232"
"PTCH-JTSP1066-96","104.0000","0","0"
"PTCH-JTSP1066-120","124.0000","0","34"
"PTCH-JTSP29-84","89.0000","0","58"
"PTCH-JTSP29-120","124.0000","0","100"
"PTCH-JTSP130907-84","89.0000","0","91"
"PTCH-JTSP130907-96","104.0000","0","308"
"PTCH-JTSP41-84","89.0000","0","0"
"PTCH-JTSP41-120","124.0000","0","0"
"VCCH-VET12010-84","99.0000","0","44"
"VCCH-VET12010-96","119.0000","0","69"
"VCCH-VET12010-108","129.0000","0","66"
"VCCH-VET12010-120","139.0000","0","47"
"VPCH-VET1211-84","149.0000","0","58"
"VPCH-VET1211-96","159.0000","0","104"
"VPCH-VET1211-108","169.0000","0","162"
"VPCH-VET1211-120","179.0000","0","63"
"VPCH-VET1212-84","149.0000","0","84"
"VPCH-VET1212-96","159.0000","0","183"
"VPCH-VET1212-108","169.0000","0","128"
"VPCH-VET1212-120","179.0000","0","60"
"VPCH-VET1216-84","149.0000","0","41"
"VPCH-VET1216-96","159.0000","0","130"
"VPCH-VET1216-108","169.0000","0","149"
"VPCH-VET1216-120","179.0000","0","53"
"VPCH-VET1218-84","149.0000","0","0"
"VPCH-VET1218-96","159.0000","0","82"
"VPCH-VET1218-108","169.0000","0","85"
"VPCH-VET1218-120","179.0000","0","0"
"VPCH-VET1217-84","149.0000","0","130"
"VPCH-VET1217-96","159.0000","0","249"
"VPCH-VET1217-108","169.0000","0","245"
"VPCH-VET1217-120","179.0000","0","128"
"VPCH-VET1214-84","149.0000","0","45"
"VPCH-VET1214-96","159.0000","0","109"
"VPCH-VET1214-108","169.0000","0","128"
"VPCH-VET1214-120","179.0000","0","44"
"VPCH-VET1215-84","149.0000","0","37"
"VPCH-VET1215-96","159.0000","0","117"
"VPCH-VET1215-108","169.0000","0","194"
"VPCH-VET1215-120","179.0000","0","61"
"VPCH-VET1219-84","0.0000","0","171"
"VPCH-VET1219-96","159.0000","0","283"
"VPCH-VET1219-108","169.0000","0","283"
"VPCH-VET1219-120","179.0000","0","179"
"VPCH-VET1213-84","149.0000","0","83"
"VPCH-VET1213-96","159.0000","0","190"
"VPCH-VET1213-108","169.0000","0","196"
"VPCH-VET1213-120","179.0000","0","85"
"VPCH-192018-84","79.0000","0","0"
"VPCH-192018-96","89.0000","0","179"
"VPCH-192018-108","99.0000","0","200"
"VPCH-192018-120","109.0000","0","118"
"VPCH-192315-84","79.0000","0","80"
"VPCH-192315-96","89.0000","0","186"
"VPCH-192315-108","99.0000","0","274"
"VPCH-192315-120","109.0000","0","149"
"VPCH-190622-84","79.0000","0","0"
"VPCH-190622-96","89.0000","0","0"
"VPCH-190622-108","99.0000","0","0"
"VPCH-190622-120","109.0000","0","32"
"VPCH-120601-84","79.0000","0","24"
"VPCH-120601-96","89.0000","0","171"
"VPCH-120601-108","99.0000","0","222"
"VPCH-120601-120","109.0000","0","139"
"VPCH-120601-CUS","0.0000","0","0"
"VPCH-190912-84","79.0000","0","64"
"VPCH-190912-96","94.0000","0","201"
"VPCH-190912-108","109.0000","0","262"
"VPCH-190912-120","124.0000","0","112"
"VPCH-194023-84","79.0000","0","0"
"VPCH-194023-96","89.0000","0","36"
"VPCH-194023-108","99.0000","0","97"
"VPCH-194023-120","109.0000","0","49"
"VPCH-184005-84","79.0000","0","76"
"VPCH-184005-96","89.0000","0","180"
"VPCH-184005-108","99.0000","0","232"
"VPCH-184005-120","0.0000","0","91"
"VPCH-110602-84","79.0000","0","85"
"VPCH-110602-96","89.0000","0","110"
"VPCH-110602-108","99.0000","0","223"
"VPCH-110602-120","109.0000","0","118"
"VPCH-145002-84","79.0000","0","126"
"VPCH-145002-96","89.0000","0","111"
"VPCH-145002-108","99.0000","0","203"
"VPCH-145002-120","109.0000","0","95"
"VPCH-194007-84","79.0000","0","133"
"VPCH-194007-96","89.0000","0","99"
"VPCH-194007-108","99.0000","0","107"
"VPCH-194007-120","109.0000","0","35"
"VPCH-141113-84","79.0000","0","0"
"VPCH-141113-96","89.0000","0","174"
"VPCH-141113-108","99.0000","0","60"
"VPCH-141113-120","109.0000","0","0"
"BOCH-PL1606-84","59.0000","0","68"
"BOCH-PL1606-96","64.0000","0","139"
"BOCH-PL1606-108","69.0000","0","117"
"BOCH-PL1606-120","74.0000","0","44"
"BOCH-PL1607-84","59.0000","0","52"
"BOCH-PL1607-96","64.0000","0","127"
"BOCH-PL1607-108","69.0000","0","136"
"BOCH-PL1607-120","74.0000","0","32"
"BOCH-PL1610-84","59.0000","0","22"
"BOCH-PL1610-96","64.0000","0","0"
"BOCH-PL1610-108","69.0000","0","0"
"BOCH-PL1610-120","74.0000","0","0"
"BOCH-190303-84","29.0000","0","352"
"BOCH-190303-96","34.0000","0","285"
"BOCH-190303-108","39.0000","0","161"
"BOCH-190303-120","44.0000","0","150"
"BOCH-120601-84","29.0000","0","170"
"BOCH-120601-96","34.0000","0","358"
"BOCH-120601-108","39.0000","0","199"
"BOCH-120601-120","44.0000","0","162"
"BOCH-120601-CUS","0.0000","0","0"
"BOCH-174402-84","29.0000","0","38"
"BOCH-174402-96","34.0000","0","108"
"BOCH-174402-108","39.0000","0","93"
"BOCH-174402-120","44.0000","0","86"
"BOCH-KC5-84","49.9900","0","0"
"BOCH-KC5-96","54.9900","0","88"
"BOCH-KC5-108","59.9900","0","202"
"BOCH-KC5-120","64.9900","0","89"
"VPCH-194007-84","79.0000","0","121"
"VPCH-194007-96","94.0000","0","67"
"VPCH-194007-108","104.0000","0","72"
"VPCH-194007-120","114.0000","0","22"
"VPCH-141113-84","79.0000","0","0"
"VPCH-141113-96","94.0000","0","171"
"VPCH-141113-108","104.0000","0","28"
"VPCH-141113-120","114.0000","0","0"
"VPCH-VET1212-84","149.0000","0","67"
"VPCH-VET1212-96","159.0000","0","167"
"VPCH-VET1212-108","169.0000","0","110"
"VPCH-VET1212-120","179.0000","0","33"
"VPCH-VET1216-84","149.0000","0","39"
"VPCH-VET1216-96","159.0000","0","115"
"VPCH-VET1216-108","169.0000","0","124"
"VPCH-VET1216-120","179.0000","0","36"
"VPCH-VET1217-84","149.0000","0","106"
"VPCH-VET1217-96","159.0000","0","215"
"VPCH-VET1217-108","169.0000","0","224"
"VPCH-VET1217-120","179.0000","0","118"
"VPCH-VET1214-84","149.0000","0","28"
"VPCH-VET1214-96","159.0000","0","69"
"VPCH-VET1214-108","169.0000","0","117"
"VPCH-VET1214-120","179.0000","0","26"
"VPCH-VET1219-84","149.0000","0","164"
"VPCH-VET1219-96","159.0000","0","252"
"VPCH-VET1219-108","169.0000","0","263"
"VPCH-VET1219-120","179.0000","0","178"
"VPCH-VET1213-84","149.0000","0","58"
"VPCH-VET1213-96","159.0000","0","147"
"VPCH-VET1213-108","169.0000","0","167"
"VPCH-VET1213-120","179.0000","0","72"
"VPCH-190622-84","79.0000","0","0"
"VPCH-190622-96","94.0000","0","0"
"VPCH-190622-108","104.0000","0","0"
"VPCH-190622-120","114.0000","0","23"
"VPCH-145002-84","79.0000","0","99"
"VPCH-145002-96","94.0000","0","57"
"VPCH-145002-108","104.0000","0","184"
"VPCH-145002-120","114.0000","0","78"
"BOCH-KC28-84","54.9900","0","0"
"BOCH-KC28-96","59.9900","0","75"
"BOCH-KC28-108","64.9900","0","97"
"BOCH-KC28-120","69.9900","0","71"
"BOCH-KC29-84","54.9900","0","34"
"BOCH-KC29-96","59.9900","0","111"
"BOCH-KC29-108","64.9900","0","170"
"BOCH-KC29-120","69.9900","0","82"
"BOCH-KC22-84","54.9900","0","0"
"BOCH-KC22-96","59.9900","0","76"
"BOCH-KC22-108","64.9900","0","139"
"BOCH-KC22-120","69.9900","0","53"
"BOCH-KC21-84","54.9900","0","90"
"BOCH-KC21-96","59.9900","0","279"
"BOCH-KC21-108","64.9900","0","333"
"BOCH-KC21-120","69.9900","0","169"
"BOCH-KC91B-84","49.9900","0","151"
"BOCH-KC91B-96","54.9900","0","155"
"BOCH-KC91B-108","59.9900","0","231"
"BOCH-KC91B-120","64.9900","0","119"
"BOCH-KC32-84","54.9900","0","0"
"BOCH-KC32-96","59.9900","0","95"
"BOCH-KC32-108","64.9900","0","163"
"BOCH-KC32-120","69.9900","0","72"
"BOCH-KC20-84","54.9900","0","0"
"BOCH-KC20-96","59.9900","0","55"
"BOCH-KC20-108","64.9900","0","108"
"BOCH-KC20-120","69.9900","0","81"
"BOCH-KC23-84","54.9900","0","0"
"BOCH-KC23-96","59.9900","0","0"
"BOCH-KC23-108","64.9900","0","0"
"BOCH-KC23-120","69.9900","0","0"
"BOCH-KC27-84","54.9900","0","125"
"BOCH-KC27-96","59.9900","0","279"
"BOCH-KC27-108","64.9900","0","286"
"BOCH-KC27-120","69.9900","0","129"
"BOCH-KC35-84","54.9900","0","0"
"BOCH-KC35-96","59.9900","0","61"
"BOCH-KC35-108","64.9900","0","109"
"BOCH-KC35-120","69.9900","0","50"
"VPCH-VET1211-84","149.0000","0","48"
"VPCH-VET1211-96","159.0000","0","86"
"VPCH-VET1211-108","169.0000","0","156"
"VPCH-VET1211-120","179.0000","0","59"
"VPCH-VET1218-84","149.0000","0","35"
"VPCH-VET1218-96","159.0000","0","54"
"VPCH-VET1218-108","169.0000","0","63"
"VPCH-VET1218-120","179.0000","0","0"
"VPCH-VET1215-84","149.0000","0","24"
"VPCH-VET1215-96","159.0000","0","100"
"VPCH-VET1215-108","169.0000","0","179"
"VPCH-VET1215-120","179.0000","0","58"
"VPCH-194023-84","79.0000","0","0"
"VPCH-194023-96","94.0000","0","23"
"VPCH-194023-108","104.0000","0","83"
"VPCH-194023-120","114.0000","0","42"
"VPCH-192018-84","79.0000","0","0"
"VPCH-192018-96","94.0000","0","141"
"VPCH-192018-108","104.0000","0","184"
"VPCH-192018-120","114.0000","0","79"
"VPCH-190912-84","79.0000","0","29"
"VPCH-190912-96","94.0000","0","172"
"VPCH-190912-108","104.0000","0","233"
"VPCH-190912-120","114.0000","0","108"
"VPCH-110602-84","79.0000","0","66"
"VPCH-110602-96","94.0000","0","83"
"VPCH-110602-108","104.0000","0","208"
"VPCH-110602-120","114.0000","0","109"
"VPCH-192315-84","79.0000","0","44"
"VPCH-192315-96","94.0000","0","163"
"VPCH-192315-108","104.0000","0","274"
"VPCH-192315-120","114.0000","0","149"
"BOCH-KC25-84","54.9900","0","85"
"BOCH-KC25-96","59.9900","0","104"
"BOCH-KC25-108","64.9900","0","97"
"BOCH-KC25-120","69.9900","0","0"
"BOCH-KC26-84","54.9900","0","208"
"BOCH-KC26-96","59.9900","0","200"
"BOCH-KC26-108","64.9900","0","219"
"BOCH-KC26-120","69.9900","0","82"
"BOCH-KC30-84","54.9900","0","85"
"BOCH-KC30-96","59.9900","0","90"
"BOCH-KC30-108","64.9900","0","128"
"BOCH-KC30-120","69.9900","0","40"
"BOCH-KC31-84","54.9900","0","0"
"BOCH-KC31-96","59.9900","0","49"
"BOCH-KC31-108","64.9900","0","209"
"BOCH-KC31-120","69.9900","0","72"
"VPCH-120601-84","79.0000","0","0"
"VPCH-120601-96","94.0000","0","123"
"VPCH-120601-108","104.0000","0","200"
"VPCH-120601-120","114.0000","0","112"
"VPCH-120601-CUS","0.0000","0","0"
"BOCH-193810-84","29.0000","0","63"
"BOCH-193810-96","34.0000","0","0"
"BOCH-193810-108","39.0000","0","60"
"BOCH-193810-120","44.0000","0","0"
"BOCH-191016-84","29.0000","0","114"
"BOCH-191016-96","34.0000","0","187"
"BOCH-191016-108","39.0000","0","208"
"BOCH-191016-120","44.0000","0","98"
"BOCH-201302-84","29.0000","0","10"
"BOCH-201302-96","34.0000","0","10"
"BOCH-201302-108","39.0000","0","71"
"BOCH-201302-120","44.0000","0","46"
"BOCH-201305-84","29.0000","0","0"
"BOCH-201305-96","34.0000","0","64"
"BOCH-201305-108","39.0000","0","186"
"BOCH-201305-120","44.0000","0","85"
"VPCH-184005-84","79.0000","0","65"
"VPCH-184005-96","94.0000","0","138"
"VPCH-184005-108","104.0000","0","211"
"VPCH-184005-120","114.0000","0","91"
"BOCH-KC33-84","49.9900","0","64"
"BOCH-KC33-96","54.9900","0","77"
"BOCH-KC33-108","59.9900","0","121"
"BOCH-KC33-120","64.9900","0","21"
"BOCH-KC1-84","49.9900","0","209"
"BOCH-KC1-96","54.9900","0","242"
"BOCH-KC1-108","59.9900","0","345"
"BOCH-KC1-120","64.9900","0","89"
"BOCH-PL1605-84","59.0000","0","26"
"BOCH-PL1605-96","64.0000","0","57"
"BOCH-PL1605-108","69.0000","0","194"
"BOCH-PL1605-120","74.0000","0","122"
"BOCH-PL1602-84","59.0000","0","0"
"BOCH-PL1602-96","64.0000","0","108"
"BOCH-PL1602-108","69.0000","0","141"
"BOCH-PL1602-120","74.0000","0","82"
"BOCH-PL1609-84","59.0000","0","29"
"BOCH-PL1609-96","64.0000","0","79"
"BOCH-PL1609-108","69.0000","0","138"
"BOCH-PL1609-120","74.0000","0","103"
"BOCH-PL1601-84","59.0000","0","58"
"BOCH-PL1601-96","64.0000","0","74"
"BOCH-PL1601-108","69.0000","0","36"
"BOCH-PL1601-120","74.0000","0","0"
"BOCH-KC6-84","49.9900","0","85"
"BOCH-KC6-96","54.9900","0","119"
"BOCH-KC6-108","59.9900","0","120"
"BOCH-KC6-120","64.9900","0","45"
"BOCH-KC8-84","49.9900","0","125"
"BOCH-KC8-96","54.9900","0","234"
"BOCH-KC8-108","59.9900","0","205"
"BOCH-KC8-120","64.9900","0","147"
"BOCH-PL4201-84","59.0000","0","119"
"BOCH-PL4201-96","64.0000","0","189"
"BOCH-PL4201-108","69.0000","0","273"
"BOCH-PL4201-120","74.0000","0","154"
"BOCH-PL1608-84","59.0000","0","29"
"BOCH-PL1608-96","64.0000","0","31"
"BOCH-PL1608-108","69.0000","0","28"
"BOCH-PL1608-120","74.0000","0","23"
"BOCH-201301-84","29.0000","0","117"
"BOCH-201301-96","34.0000","0","222"
"BOCH-201301-108","39.0000","0","234"
"BOCH-201301-120","44.0000","0","201"
"BOCH-KC36-84","54.9900","0","0"
"BOCH-KC36-96","59.9900","0","58"
"BOCH-KC36-108","64.9900","0","106"
"BOCH-KC36-120","69.9900","0","57"
"BOCH-KC24-84","54.9900","0","0"
"BOCH-KC24-96","59.9900","0","127"
"BOCH-KC24-108","64.9900","0","110"
"BOCH-KC24-120","69.9900","0","56"
"BOCH-131009-84","29.0000","0","105"
"BOCH-131009-96","34.0000","0","268"
"BOCH-131009-108","39.0000","0","137"
"BOCH-131009-120","44.0000","0","93"
"BOCH-131009-CUS","0.0000","0","0"
"BOCH-201304-63","29.0000","0","52"
"BOCH-201304-96","34.0000","0","129"
"BOCH-201304-108","39.0000","0","187"
"BOCH-201304-120","44.0000","0","109"
"CZCH-CTZ12-84","39.0000","0","27"
"CZCH-CTZ12-96","49.0000","0","49"
"CZCH-CTZ12-108","59.0000","0","38"
"CZCH-CTZ12-120","69.0000","0","0"
"CZCH-CTZ9-84","39.0000","0","0"
"CZCH-CTZ9-96","49.0000","0","0"
"CZCH-CTZ9-108","59.0000","0","0"
"CZCH-CTZ9-120","69.0000","0","0"
"PRTW-D27-84","99.0000","0","24"
"PRTW-D27-96","119.0000","0","87"
"PRTW-D27-108","129.0000","0","96"
"PRTW-D27-120","139.0000","0","28"
"PRTW-D27-CUS","0.0000","0","0"
"PRTW-D33-84","99.0000","0","0"
"PRTW-D33-96","119.0000","0","0"
"PRTW-D33-108","129.0000","0","47"
"PRTW-D33-120","139.0000","0","30"
"PRTW-D33-CUS","0.0000","0","0"
"PRTW-D29B-84","99.0000","0","0"
"PRTW-D29B-96","119.0000","0","24"
"PRTW-D29B-108","129.0000","0","52"
"PRTW-D29B-120","139.0000","0","37"
"PRTW-D29B-CUS","0.0000","0","0"
"PRTW-D26-84","99.0000","0","0"
"PRTW-D26-96","119.0000","0","0"
"PRTW-D26-108","129.0000","0","68"
"PRTW-D26-120","139.0000","0","30"
"PRTW-D26-CUS","0.0000","0","0"
"PRTW-D31-84","99.0000","0","26"
"PRTW-D31-96","119.0000","0","61"
"PRTW-D31-108","129.0000","0","78"
"PRTW-D31-120","139.0000","0","38"
"PRTW-D31-CUS","0.0000","0","0"
"PRTW-D21-84","99.0000","0","0"
"PRTW-D21-96","119.0000","0","0"
"PRTW-D21-108","129.0000","0","0"
"PRTW-D21-120","139.0000","0","0"
"PRTW-D21-CUS","0.0000","0","0"
"PRTW-D24B-84","99.0000","0","0"
"PRTW-D24B-96","119.0000","0","48"
"PRTW-D24B-108","129.0000","0","49"
"PRTW-D24B-120","139.0000","0","0"
"PRTW-D24B-CUS","0.0000","0","0"
"PRTW-D32-84","99.0000","0","26"
"PRTW-D32-96","119.0000","0","75"
"PRTW-D32-108","129.0000","0","102"
"PRTW-D32-120","139.0000","0","25"
"PRTW-D32-CUS","0.0000","0","0"
"PRTW-D02-84","99.0000","0","57"
"PRTW-D02-96","119.0000","0","83"
"PRTW-D02-108","129.0000","0","99"
"PRTW-D02-120","139.0000","0","60"
"PRTW-D02-CUS","0.0000","0","0"
"PRTW-D06A-84","99.0000","0","30"
"PRTW-D06A-96","119.0000","0","102"
"PRTW-D06A-108","129.0000","0","87"
"PRTW-D06A-120","139.0000","0","79"
"PRTW-D06A-CUS","0.0000","0","0"
"PRTW-D11-84","99.0000","0","55"
"PRTW-D11-96","119.0000","0","244"
"PRTW-D11-108","129.0000","0","243"
"PRTW-D11-120","139.0000","0","93"
"PRTW-D11-CUS","0.0000","0","0"
"PRTW-D17-84","99.0000","0","0"
"PRTW-D17-96","119.0000","0","47"
"PRTW-D17-108","129.0000","0","136"
"PRTW-D17-120","139.0000","0","37"
"PRTW-D17-CUS","0.0000","0","0"
"PRTW-D23-84","99.0000","0","33"
"PRTW-D23-96","119.0000","0","0"
"PRTW-D23-108","129.0000","0","35"
"PRTW-D23-120","139.0000","0","48"
"PRTW-D23-CUS","0.0000","0","0"
"PRTW-D28-84","99.0000","0","0"
"PRTW-D28-96","119.0000","0","34"
"PRTW-D28-108","129.0000","0","79"
"PRTW-D28-120","139.0000","0","36"
"PRTW-D28-CUS","0.0000","0","0"
"PRTW-D25-84","99.0000","0","0"
"PRTW-D25-96","119.0000","0","0"
"PRTW-D25-108","129.0000","0","0"
"PRTW-D25-120","139.0000","0","0"
"PRTW-D25-CUS","0.0000","0","0"
"PRTW-D12-84","99.0000","0","0"
"PRTW-D12-96","119.0000","0","0"
"PRTW-D12-108","129.0000","0","0"
"PRTW-D12-120","139.0000","0","0"
"PRTW-D12-CUS","0.0000","0","0"
"PRTW-D01-84","99.0000","0","24"
"PRTW-D01-96","119.0000","0","57"
"PRTW-D01-108","129.0000","0","95"
"PRTW-D01-120","139.0000","0","39"
"PRTW-D01-CUS","0.0000","0","0"
"PRTW-D04-84","99.0000","0","37"
"PRTW-D04-96","119.0000","0","95"
"PRTW-D04-108","129.0000","0","96"
"PRTW-D04-120","139.0000","0","42"
"PRTW-D04-CUS","0.0000","0","0"
"PRTW-D06B-84","99.0000","0","29"
"PRTW-D06B-96","119.0000","0","104"
"PRTW-D06B-108","129.0000","0","107"
"PRTW-D06B-120","139.0000","0","33"
"PRTW-D06B-CUS","0.0000","0","0"
"PRTW-D16-84","99.0000","0","56"
"PRTW-D16-96","119.0000","0","78"
"PRTW-D16-108","129.0000","0","132"
"PRTW-D16-120","139.0000","0","38"
"PRTW-D16-CUS","0.0000","0","0"
"PRTW-D30-84","99.0000","0","0"
"PRTW-D30-96","119.0000","0","53"
"PRTW-D30-108","129.0000","0","34"
"PRTW-D30-120","139.0000","0","33"
"PRTW-D30-CUS","0.0000","0","0"
"PRTW-D20-84","99.0000","0","0"
"PRTW-D20-96","119.0000","0","0"
"PRTW-D20-108","129.0000","0","21"
"PRTW-D20-120","139.0000","0","31"
"PRTW-D20-CUS","0.0000","0","0"
"PRTW-D15-84","99.0000","0","25"
"PRTW-D15-96","119.0000","0","100"
"PRTW-D15-108","129.0000","0","114"
"PRTW-D15-120","139.0000","0","53"
"PRTW-D15-CUS","0.0000","0","0"
"PRTW-D09-84","99.0000","0","0"
"PRTW-D09-96","119.0000","0","0"
"PRTW-D09-108","129.0000","0","0"
"PRTW-D09-120","139.0000","0","0"
"PRTW-D09-CUS","0.0000","0","0"
"PRTW-D24A-84","99.0000","0","0"
"PRTW-D24A-96","119.0000","0","0"
"PRTW-D24A-108","129.0000","0","0"
"PRTW-D24A-120","139.0000","0","22"
"PRTW-D24A-CUS","0.0000","0","0"
"PRTW-D13-84","99.0000","0","21"
"PRTW-D13-96","119.0000","0","66"
"PRTW-D13-108","129.0000","0","23"
"PRTW-D13-120","139.0000","0","42"
"PRTW-D13-CUS","0.0000","0","0"
"CZCH-CTZ1-84","39.0000","0","21"
"CZCH-CTZ1-96","49.0000","0","0"
"CZCH-CTZ1-108","59.0000","0","21"
"CZCH-CTZ1-120","69.0000","0","0"
"CZCH-CTZ6-84","39.0000","0","25"
"CZCH-CTZ6-96","49.0000","0","20"
"CZCH-CTZ6-108","59.0000","0","0"
"CZCH-CTZ6-120","69.0000","0","0"
"CZCH-CTZ2-84","39.0000","0","0"
"CZCH-CTZ2-96","49.0000","0","22"
"CZCH-CTZ2-108","59.0000","0","0"
"CZCH-CTZ2-120","69.0000","0","0"
"PRTW-D05-84","99.0000","0","31"
"PRTW-D05-96","119.0000","0","100"
"PRTW-D05-108","129.0000","0","97"
"PRTW-D05-120","139.0000","0","56"
"PRTW-D05-CUS","0.0000","0","0"
"PRTW-D29A-84","99.0000","0","0"
"PRTW-D29A-96","119.0000","0","0"
"PRTW-D29A-108","129.0000","0","0"
"PRTW-D29A-120","139.0000","0","24"
"PRTW-D29A-CUS","0.0000","0","0"
"FHLCH-YL5003-84","59.0000","0","0"
"PRTW-D22-84","99.0000","0","0"
"PRTW-D22-96","119.0000","0","0"
"PRTW-D22-108","129.0000","0","0"
"PRTW-D22-120","139.0000","0","0"
"PRTW-D22-CUS","0.0000","0","0"
"CZCH-CTZ5-84","39.0000","0","0"
"CZCH-CTZ5-96","49.0000","0","0"
"CZCH-CTZ5-108","59.0000","0","54"
"CZCH-CTZ5-120","69.0000","0","39"
"SHCH-OUR1921ASH-84","24.9900","0","268"
"SHCH-OUR1921ASH-96","29.9900","0","175"
"SHCH-OUR1921ASH-108","34.9900","0","0"
"SHCH-OUR1925BLU-84","24.9900","0","65"
"SHCH-OUR1925BLU-96","29.9900","0","0"
"SHCH-OUR1925BLU-108","34.9900","0","176"
"SHCH-OUR1922COC-84","24.9900","0","142"
"SHCH-OUR1922COC-96","29.9900","0","22"
"SHCH-OUR1922COC-108","34.9900","0","270"
"SHCH-OUR1923NAT-84","24.9900","0","265"
"SHCH-OUR1923NAT-96","29.9900","0","73"
"SHCH-OUR1923NAT-108","34.9900","0","103"
"SHCH-LH1222-84","39.0000","0","0"
"SHCH-LH1222-96","44.0000","0","108"
"SHCH-LH1222-108","49.0000","0","109"
"SHCH-LH1211-84","39.0000","0","33"
"SHCH-LH1211-96","44.0000","0","110"
"SHCH-LH1211-108","49.0000","0","115"
"SHCH-LH20132-84","39.0000","0","93"
"SHCH-LH20132-96","44.0000","0","110"
"SHCH-LH20132-108","49.0000","0","143"
"SHCH-LH96-84","39.0000","0","72"
"SHCH-LH96-96","44.0000","0","123"
"SHCH-LH96-108","49.0000","0","141"
"SHCH-LH20136-84","39.0000","0","74"
"SHCH-LH20136-96","44.0000","0","100"
"SHCH-LH20136-108","49.0000","0","63"
"SHCH-LHOCS333-84","39.0000","0","105"
"SHCH-LHOCS333-96","44.0000","0","158"
"SHCH-LHOCS333-108","49.0000","0","154"
"SHCH-EMB20138-84","55.0000","0","41"
"SHCH-EMB20138-96","60.0000","0","86"
"SHCH-EMB20138-108","65.0000","0","78"
"SHCH-EMB20138-120","70.0000","0","60"
"SHCH-EMB20138-CUS","0.0000","0","0"
"SHCH-EMBOCS3595-84","69.0000","0","0"
"SHCH-EMBOCS3595-96","74.0000","0","39"
"SHCH-EMBOCS3595-108","79.0000","0","0"
"SHCH-EMBOCS3595-120","84.0000","0","23"
"SHCH-EMBOCS3595-CUS","0.0000","0","0"
"SHCH-EMB20137-84","69.0000","0","54"
"SHCH-EMB20137-96","74.0000","0","125"
"SHCH-EMB20137-108","79.0000","0","122"
"SHCH-EMB20137-120","84.0000","0","58"
"SHCH-EMB20137-CUS","0.0000","0","0"
"SHCH-EMB20132A-84","39.0000","0","41"
"SHCH-EMB20132A-96","44.0000","0","114"
"SHCH-EMB20132A-108","49.0000","0","91"
"SHCH-EMB20132A-120","54.0000","0","30"
"SHCH-EMB20132A-CUS","0.0000","0","0"
"SHCH-EMB20132B-84","39.0000","0","58"
"SHCH-EMB20132B-96","44.0000","0","63"
"SHCH-EMB20132B-108","49.0000","0","97"
"SHCH-EMB20132B-120","54.0000","0","44"
"SHCH-EMB20132B-CUS","0.0000","0","0"
"SHCH-LH20134-84","39.0000","0","311"
"SHCH-LH20134-96","44.0000","0","158"
"SHCH-LH20134-108","49.0000","0","161"
"SHCH-LH20135-84","39.0000","0","75"
"SHCH-LH20135-96","44.0000","0","103"
"SHCH-LH20135-108","49.0000","0","122"
"SHCH-LH97-84","39.0000","0","51"
"SHCH-LH97-96","44.0000","0","121"
"SHCH-LH97-108","49.0000","0","113"
"SHCH-EMB20131A-84","39.0000","0","0"
"SHCH-EMB20131A-96","44.0000","0","0"
"SHCH-EMB20131A-108","49.0000","0","0"
"SHCH-EMB20131A-120","54.0000","0","0"
"SHCH-EMB20131A-CUS","0.0000","0","0"
"SHCH-EMB20131B-84","39.0000","0","0"
"SHCH-EMB20131B-96","44.0000","0","0"
"SHCH-EMB20131B-108","49.0000","0","0"
"SHCH-EMB20131B-120","54.0000","0","0"
"SHCH-EMB20131B-CUS","0.0000","0","0"
"SHCH-LH159-84","39.0000","0","80"
"SHCH-LH159-96","44.0000","0","144"
"SHCH-LH159-108","49.0000","0","144"
"SHCH-LH130-84","39.0000","0","93"
"SHCH-LH130-96","44.0000","0","156"
"SHCH-LH130-108","49.0000","0","149"
"SHCH-LH94A-84","39.0000","0","181"
"SHCH-LH94A-96","44.0000","0","244"
"SHCH-LH94A-108","49.0000","0","0"
"SHCH-EMB20133A-84","44.0000","0","30"
"SHCH-EMB20133A-96","49.0000","0","83"
"SHCH-EMB20133A-108","54.0000","0","105"
"SHCH-EMB20133A-120","59.0000","0","0"
"SHCH-EMB20133A-CUS","0.0000","0","0"
"SHCH-EMB20133B-84","44.0000","0","0"
"SHCH-EMB20133B-96","49.0000","0","187"
"SHCH-EMB20133B-108","54.0000","0","98"
"SHCH-EMB20133B-120","59.0000","0","29"
"SHCH-EMB20133B-CUS","0.0000","0","0"
"SHCH-EMBOCS4084-84","49.0000","0","153"
"SHCH-EMBOCS4084-96","54.0000","0","223"
"SHCH-EMBOCS4084-108","59.0000","0","227"
"SHCH-EMBOCS4084-CUS","0.0000","0","0"
"SHCH-EMBOCS3293-84","49.0000","0","105"
"SHCH-EMBOCS3293-96","54.0000","0","170"
"SHCH-EMBOCS3293-108","59.0000","0","144"
"SHCH-EMBOCS3293-CUS","0.0000","0","0"
"SHCH-EMBOCS3231-84","49.0000","0","90"
"SHCH-EMBOCS3231-96","54.0000","0","166"
"SHCH-EMBOCS3231-108","59.0000","0","165"
"SHCH-EMBOCS3231-CUS","0.0000","0","0"
"SHCH-EMB20135-84","49.0000","0","0"
"SHCH-EMB20135-96","54.0000","0","66"
"SHCH-EMB20135-108","59.0000","0","46"
"SHCH-EMB20135-120","64.0000","0","0"
"SHCH-EMB20135-CUS","0.0000","0","0"
"SHCH-EMB20136-84","65.0000","0","0"
"SHCH-EMB20136-96","70.0000","0","98"
"SHCH-EMB20136-108","75.0000","0","95"
"SHCH-EMB20136-120","80.0000","0","42"
"SHCH-EMB20136-CUS","0.0000","0","0"
"SHFLNCH-M013-84","25.0000","0","36"
"SHFLNCH-M013-96","30.0000","0","180"
"SHFLNCH-M013-108","35.0000","0","183"
"SHFLNCH-M013-120","40.0000","0","0"
"SHFLNCH-M011-84","25.0000","0","0"
"SHFLNCH-M011-96","30.0000","0","76"
"SHFLNCH-M011-108","35.0000","0","134"
"SHFLNCH-M011-120","40.0000","0","27"
"SHFLNCH-M012-84","25.0000","0","0"
"SHFLNCH-M012-96","30.0000","0","160"
"SHFLNCH-M012-108","35.0000","0","190"
"SHFLNCH-M012-120","40.0000","0","46"
"SHFLNCH-M015-84","24.0000","0","50"
"SHFLNCH-M015-96","30.0000","0","155"
"SHFLNCH-M015-108","35.0000","0","174"
"PTCH-54-84-RU","99.0000","0","0"
"PTCH-54-108-RU","139.0000","0","0"
"PTCH-27-84-RU","99.0000","0","0"
"PTCH-27-96-RU","119.0000","0","0"
"PTCH-27-108-RU","139.0000","0","0"
"PTCH-27-120-RU","159.0000","0","0"
"PTCH-JTSP112-120-RU","159.0000","0","0"
"PTCH-005-96-RU","119.0000","0","0"
"PTCH-005-108-RU","139.0000","0","0"
"PTCH-005-120-RU","159.0000","0","0"
"BOCH-201301-84-GR","29.0000","0","156"
"BOCH-201301-96-GR","34.0000","0","379"
"BOCH-201301-108-GR","39.0000","0","381"
"BOCH-201301-120-GR","44.0000","0","204"
"BOCH-201304-84-GR","29.0000","0","42"
"BOCH-201304-96-GR","34.0000","0","291"
"BOCH-201304-108-GR","39.0000","0","300"
"BOCH-201304-120-GR","44.0000","0","175"
"BOCH-191016-84-GR","29.0000","0","131"
"BOCH-191016-96-GR","34.0000","0","167"
"BOCH-191016-108-GR","39.0000","0","385"
"BOCH-191016-120-GR","44.0000","0","146"
"BOCH-201305-84-GR","29.0000","0","90"
"BOCH-201305-96-GR","34.0000","0","223"
"BOCH-201305-108-GR","39.0000","0","247"
"BOCH-201305-120-GR","44.0000","0","120"
"BOCH-193810-84-GR","29.0000","0","43"
"BOCH-193810-96-GR","34.0000","0","63"
"BOCH-193810-108-GR","39.0000","0","100"
"BOCH-193810-120-GR","44.0000","0","69"
"BOCH-120601-84-GR","29.0000","0","39"
"BOCH-120601-96-GR","34.0000","0","174"
"BOCH-120601-108-GR","39.0000","0","197"
"BOCH-120601-120-GR","44.0000","0","88"
"BOCH-174402-84-GR","29.0000","0","49"
"BOCH-174402-96-GR","34.0000","0","189"
"BOCH-174402-96-GR","39.0000","0","160"
"BOCH-174402-120-GR","44.0000","0","126"
"BOCH-131009-84-GR","29.0000","0","182"
"BOCH-131009-96-GR","34.0000","0","173"
"BOCH-131009-108-GR","39.0000","0","305"
"BOCH-131009-120-GR","44.0000","0","73"
"BOCH-190303-84-GR","29.0000","0","115"
"BOCH-190303-96-GR","34.0000","0","188"
"BOCH-190303-108-GR","39.0000","0","146"
"BOCH-190303-120-GR","44.0000","0","248"
"SHCH-VOL3-84-SLDW","35.9900","0","40"
"SHCH-VOL3-96-SLDW","39.9900","0","136"
"SHCH-VOL3-108-SLDW","42.9900","0","227"
"SHCH-VOL3-120-SLDW","45.9900","0","191"
"SHCH-VOL1-84-SLDW","35.9900","0","87"
"SHCH-VOL1-108-SLDW","42.9900","0","257"
"SHCH-VOL1-120-SLDW","45.9900","0","161"
"SHCH-LH20133-84","39.0000","0","47"
"SHCH-LH20133-96","44.0000","0","81"
"SHCH-LH20133-108","49.0000","0","126"
"BOCH-201302-84-GR","29.0000","0","50"
"BOCH-201302-96-GR","34.0000","0","114"
"BOCH-201302-108-GR","39.0000","0","189"
"BOCH-201302-120-GR","44.0000","0","116"
"SHCH-VOL1-84-DLDW","108.0000","0","10"
"SHCH-VOL1-96-DLDW","118.0000","0","0"
"SHCH-VOL1-108-DLDW","128.0000","0","0"
"SHCH-VOL1-120-DLDW","138.0000","0","28"
"SHCH-VOL3-84-DLDW","108.0000","0","0"
"SHCH-VOL3-96-DLDW","118.0000","0","40"
"SHCH-VOL3-108-DLDW","128.0000","0","33"
"SHCH-VOL3-120-DLDW","138.0000","0","52"
"VPCH-193810-96","94.0000","0","0"
"VPCH-194007-84","79.0000","0","0"
"VPCH-194007-108","104.0000","0","126"

